Game Turn, Player, Unit, Num Spots, Locations
1, 0, UNIT_SETTLER, 0
1, 0, UNIT_WARRIOR, 14, 53:19(1/2), 54:19(1/1), 54:20(1/1), 54:18(1/0), 52:19(1/0), 53:20(1/0), 54:21(1/0), 55:18(2/0), 53:21(2/0), 54:17(2/0), 53:17(2/0), 52:20(2/0), 52:21(2/0), 52:18(2/0)
1, 1, UNIT_SETTLER, 21, 45:11(1/2), 45:12(1/0), 44:11(1/0), 45:10(1/0), 46:11(1/0), 46:12(1/0), 47:10(2/1), 44:9(2/1), 43:11(2/1), 44:10(2/1), 44:13(2/1), 44:12(2/1), 45:13(2/0), 45:9(2/0), 47:12(2/0), 47:11(2/0), 46:13(2/0), 43:10(2/0), 43:12(2/0), 43:9(2/0), 44:14(2/0)
1, 1, UNIT_WARRIOR, 28, 44:11(1/2), 44:12(1/1), 43:11(1/1), 44:10(1/1), 45:10(1/0), 45:11(1/0), 45:12(1/0), 43:9(1/0), 44:13(1/0), 43:12(1/0), 43:10(1/0), 43:13(2/0), 42:11(2/0), 44:9(2/1), 44:14(2/1), 45:9(2/0), 46:12(2/0), 46:11(2/0), 45:13(2/0), 43:8(2/0), 42:9(2/0), 42:12(2/0), 42:13(2/0), 42:10(2/0), 44:8(2/0), 45:14(2/0), 44:15(2/0), 43:14(2/0)
1, 2, UNIT_SETTLER, 33, 18:38(1/2), 17:39(1/1), 17:37(1/1), 18:37(1/1), 18:39(1/0), 17:38(1/0), 19:36(1/0), 19:37(1/0), 18:40(1/0), 16:39(1/0), 17:40(1/0), 18:36(1/0), 17:36(1/0), 16:38(2/1), 19:39(2/1), 16:37(2/0), 17:35(2/1), 17:41(2/1), 20:37(2/1), 20:38(2/1), 18:35(2/1), 19:35(2/1), 20:36(2/1), 18:41(2/1), 19:40(2/0), 20:40(2/0), 16:35(2/0), 16:36(2/0), 15:38(2/0), 18:34(2/0), 17:34(2/0), 19:34(2/0), 21:38(2/0)
1, 2, UNIT_WARRIOR, 32, 17:38(1/2), 16:39(1/1), 16:38(1/1), 17:37(1/1), 17:39(1/1), 18:38(1/0), 16:37(1/0), 18:40(1/0), 17:40(1/0), 15:38(1/0), 18:37(1/0), 18:36(1/0), 17:36(1/0), 15:37(2/0), 18:39(2/0), 17:35(2/1), 18:35(2/1), 19:36(2/1), 19:37(2/1), 17:41(2/1), 18:41(2/1), 16:36(2/0), 14:37(2/0), 19:40(2/0), 16:35(2/0), 18:34(2/0), 17:34(2/0), 19:34(2/0), 19:35(2/0), 20:36(2/0), 20:38(2/0), 20:37(2/0)
1, 3, UNIT_SETTLER, 18, 8:25(1/2), 8:26(1/1), 9:25(1/1), 9:26(1/1), 9:24(1/0), 8:24(1/0), 9:27(1/0), 10:24(1/0), 8:27(2/0), 10:26(2/0), 10:25(2/0), 8:23(2/1), 10:23(2/1), 10:27(2/1), 9:23(2/0), 7:23(2/0), 7:24(2/0), 11:24(2/0)
1, 3, UNIT_WARRIOR, 14, 8:26(1/2), 8:25(1/1), 9:26(1/1), 8:27(1/0), 9:27(1/0), 9:25(1/0), 9:24(2/0), 8:24(2/0), 10:26(2/0), 8:28(2/1), 10:24(2/1), 10:27(2/1), 10:25(2/0), 10:23(2/0)
1, 4, UNIT_SETTLER, 15, 14:11(1/2), 14:12(1/1), 13:11(1/1), 15:11(1/0), 15:12(1/0), 13:10(1/0), 13:12(1/0), 14:13(2/0), 16:12(2/1), 16:11(2/1), 13:13(2/0), 15:13(2/0), 16:10(2/0), 12:9(2/0), 12:13(2/0)
1, 4, UNIT_WARRIOR, 11, 13:11(1/2), 13:12(1/1), 13:10(1/1), 14:11(1/1), 14:12(1/1), 14:13(2/0), 12:13(2/0), 12:9(2/0), 15:12(2/0), 15:11(2/0), 13:13(2/0)
1, 5, UNIT_SETTLER, 19, 49:30(1/2), 49:29(1/1), 50:30(1/1), 49:31(1/1), 48:29(1/0), 48:30(1/0), 48:31(1/0), 50:29(1/0), 50:28(1/0), 49:28(1/0), 47:31(2/1), 50:32(2/0), 49:27(2/1), 51:28(2/1), 48:28(2/0), 48:32(2/0), 48:27(2/0), 51:29(2/0), 50:27(2/0)
1, 5, UNIT_WARRIOR, 14, 48:30(1/2), 47:31(1/1), 48:29(1/0), 49:30(1/0), 48:31(1/0), 50:30(2/1), 49:31(2/1), 48:32(2/0), 49:29(2/1), 49:28(2/1), 48:28(2/0), 50:29(2/0), 50:28(2/0), 49:27(2/0)
1, 6, UNIT_SETTLER, 24, 39:15(1/2), 39:16(1/1), 39:14(1/1), 40:14(1/1), 40:15(1/1), 40:16(1/1), 38:15(1/0), 40:17(1/0), 41:15(1/0), 41:16(1/0), 39:17(1/0), 39:13(2/0), 41:14(2/0), 40:13(2/0), 41:18(2/1), 41:17(2/1), 40:18(2/1), 42:16(2/1), 38:16(2/0), 42:14(2/0), 42:15(2/0), 41:19(2/0), 42:18(2/0), 42:17(2/0)
1, 6, UNIT_WARRIOR, 19, 38:15(1/2), 39:14(1/1), 39:15(1/1), 39:16(1/1), 38:16(1/0), 39:17(1/0), 40:14(1/0), 40:16(1/0), 40:15(1/0), 39:13(2/0), 41:15(2/1), 41:16(2/1), 40:18(2/1), 40:17(2/1), 41:14(2/0), 40:13(2/0), 42:16(2/0), 41:17(2/0), 41:18(2/0)
1, 6, UNIT_WARRIOR, 22, 39:16(1/2), 39:15(1/1), 40:16(1/1), 39:17(1/1), 38:15(1/0), 38:16(1/0), 40:15(1/0), 40:14(1/0), 39:14(1/0), 40:17(1/0), 41:16(1/0), 40:18(1/0), 42:16(2/1), 41:17(2/1), 41:18(2/1), 41:15(2/1), 41:14(2/0), 40:13(2/0), 39:13(2/0), 42:17(2/0), 42:18(2/0), 41:19(2/0)
1, 7, UNIT_SETTLER, 13, 31:24(1/2), 30:25(1/0), 30:23(1/0), 32:24(1/0), 33:24(2/1), 30:26(2/1), 29:25(2/0), 31:22(2/0), 30:22(2/0), 29:23(2/0), 32:25(2/0), 30:27(2/0), 29:27(2/0)
1, 7, UNIT_WARRIOR, 16, 30:25(1/2), 30:26(1/1), 29:25(1/0), 31:24(1/0), 29:27(1/0), 30:27(1/0), 28:25(2/1), 29:24(2/1), 29:28(2/1), 30:28(2/1), 29:26(2/0), 32:24(2/0), 30:23(2/0), 31:28(2/0), 28:24(2/0), 28:23(2/0)
1, 7, UNIT_WARRIOR, 16, 30:23(1/2), 29:23(1/0), 30:22(1/0), 31:22(1/0), 31:24(1/0), 29:24(2/1), 28:23(2/1), 28:22(2/0), 29:22(2/0), 30:21(2/0), 29:21(2/0), 32:24(2/0), 30:25(2/0), 28:24(2/0), 29:25(2/0), 28:25(2/0)
1, 8, UNIT_SETTLER, 15, 47:23(1/2), 47:24(1/1), 48:24(1/1), 47:22(1/0), 47:25(1/0), 46:24(1/0), 46:25(1/0), 47:26(2/1), 48:25(2/0), 47:21(2/0), 46:22(2/0), 46:26(2/0), 48:26(2/0), 45:25(2/0), 49:24(2/0)
1, 8, UNIT_WARRIOR, 14, 47:24(1/2), 46:25(1/1), 46:24(1/1), 48:24(1/1), 47:25(1/1), 47:23(1/0), 47:26(1/0), 45:25(2/0), 46:26(2/0), 48:25(2/0), 47:27(2/0), 47:22(2/0), 48:26(2/0), 49:24(2/0)
1, 8, UNIT_WARRIOR, 13, 47:22(1/2), 46:22(1/0), 47:21(1/0), 47:23(1/0), 47:24(2/1), 48:24(2/1), 45:21(2/0), 45:22(2/0), 48:21(2/0), 48:20(2/0), 47:25(2/0), 46:24(2/0), 46:25(2/0)
1, 9, UNIT_SETTLER, 17, 16:28(1/2), 15:27(1/1), 16:29(1/1), 15:28(1/0), 14:27(1/0), 15:26(1/0), 14:29(2/1), 14:28(2/1), 17:30(2/0), 14:25(2/1), 14:26(2/1), 16:26(2/0), 13:27(2/0), 15:25(2/0), 14:30(2/0), 15:24(2/0), 14:24(2/0)
1, 9, UNIT_WARRIOR, 23, 15:28(1/2), 14:29(1/1), 14:28(1/1), 14:27(1/1), 15:27(1/1), 16:28(1/0), 14:26(1/0), 15:26(1/0), 14:30(1/0), 16:29(2/1), 15:30(2/0), 13:29(2/0), 14:25(2/1), 13:27(2/1), 13:31(2/1), 13:30(2/1), 16:26(2/0), 13:25(2/0), 13:26(2/0), 15:25(2/0), 15:24(2/0), 14:24(2/0), 13:28(2/0)
1, 9, UNIT_WARRIOR, 22, 15:27(1/2), 14:27(1/1), 15:26(1/1), 16:26(1/0), 16:28(1/0), 15:28(1/0), 14:25(1/0), 14:28(1/0), 14:26(1/0), 14:29(2/1), 16:29(2/1), 15:25(2/0), 13:27(2/1), 14:24(2/1), 15:24(2/1), 16:25(2/0), 17:26(2/0), 13:25(2/0), 13:26(2/0), 13:28(2/0), 13:29(2/0), 14:30(2/0)
1, 10, UNIT_SETTLER, 8, 72:15(1/2), 72:14(1/1), 73:15(1/0), 72:16(1/0), 71:13(1/0), 70:13(2/1), 72:17(2/0), 71:17(2/0)
1, 10, UNIT_WARRIOR, 10, 72:16(1/2), 72:15(1/1), 72:17(1/0), 71:17(1/0), 72:14(1/0), 73:15(2/0), 71:13(2/1), 70:17(2/0), 71:18(2/0), 70:13(2/0)
1, 10, UNIT_WARRIOR, 8, 72:14(1/2), 71:13(1/1), 72:15(1/1), 70:13(1/0), 73:15(2/0), 72:16(2/0), 69:13(2/0), 70:14(2/0)
1, 11, UNIT_SETTLER, 27, 12:32(1/2), 11:33(1/1), 12:31(1/1), 13:32(1/0), 12:33(1/0), 11:31(1/0), 11:32(1/0), 12:30(1/0), 11:34(1/0), 10:32(2/1), 10:31(2/1), 13:31(2/1), 12:34(2/1), 11:29(2/1), 10:33(2/0), 13:30(2/0), 13:33(2/0), 11:30(2/0), 12:29(2/0), 11:35(2/0), 9:31(2/0), 9:32(2/0), 9:33(2/0), 10:30(2/0), 14:30(2/0), 12:28(2/0), 10:29(2/0)
1, 11, UNIT_WARRIOR, 24, 11:32(1/2), 10:32(1/1), 10:31(1/1), 11:33(1/1), 12:32(1/0), 11:31(1/0), 10:33(1/0), 11:34(1/0), 9:31(1/0), 9:32(1/0), 9:33(1/0), 10:30(1/0), 12:30(2/1), 12:31(2/1), 11:30(2/0), 10:29(2/1), 8:31(2/1), 12:34(2/0), 12:33(2/0), 13:32(2/0), 9:30(2/0), 8:33(2/0), 11:35(2/0), 11:29(2/0)
1, 11, UNIT_WARRIOR, 21, 11:33(1/2), 11:34(1/1), 10:33(1/0), 11:32(1/0), 12:32(1/0), 12:33(1/0), 12:34(1/0), 12:31(2/1), 10:31(2/1), 10:32(2/1), 9:33(2/1), 13:32(2/1), 11:35(2/1), 11:31(2/0), 13:33(2/0), 12:35(2/0), 12:30(2/0), 10:30(2/0), 9:31(2/0), 9:32(2/0), 13:31(2/0)
1, 12, UNIT_SETTLER, 14, 14:18(1/2), 13:18(1/0), 13:17(1/0), 14:17(1/0), 14:19(1/0), 13:16(2/1), 15:16(2/1), 15:17(2/0), 12:17(2/0), 12:18(2/0), 12:19(2/0), 14:16(2/0), 15:20(2/0), 14:20(2/0)
1, 12, UNIT_WARRIOR, 16, 13:18(1/2), 12:19(1/0), 12:18(1/0), 12:17(1/0), 13:17(1/0), 14:18(1/0), 13:16(2/1), 13:20(2/0), 12:20(2/0), 11:18(2/0), 11:19(2/0), 11:17(2/0), 12:16(2/0), 14:17(2/0), 14:16(2/0), 14:19(2/0)
1, 12, UNIT_WARRIOR, 16, 13:17(1/2), 13:16(1/1), 14:16(1/0), 14:17(1/0), 14:18(1/0), 12:17(1/0), 13:18(1/0), 15:16(2/1), 13:15(2/0), 12:15(2/0), 12:16(2/0), 15:17(2/0), 14:19(2/0), 11:17(2/0), 12:18(2/0), 12:19(2/0)
1, 13, UNIT_SETTLER, 26, 43:19(1/2), 42:19(1/1), 43:18(1/0), 44:18(1/0), 44:19(1/0), 44:20(1/0), 43:20(1/0), 42:18(1/0), 41:19(1/0), 42:17(2/1), 42:20(2/0), 41:20(2/1), 41:18(2/1), 41:17(2/1), 44:17(2/0), 45:19(2/0), 43:17(2/0), 45:18(2/0), 45:20(2/0), 44:21(2/0), 43:21(2/0), 42:21(2/0), 42:16(2/0), 40:17(2/0), 40:18(2/0), 41:16(2/0)
1, 13, UNIT_WARRIOR, 22, 42:19(1/2), 41:19(1/1), 42:18(1/1), 43:19(1/1), 43:20(1/0), 43:18(1/0), 42:20(1/0), 41:18(1/0), 41:20(1/0), 42:17(1/0), 41:17(1/0), 41:16(2/1), 42:16(2/1), 40:18(2/1), 40:17(2/1), 44:20(2/0), 43:21(2/0), 42:21(2/0), 44:18(2/0), 43:17(2/0), 43:16(2/0), 44:19(2/0)
1, 13, UNIT_WARRIOR, 25, 43:20(1/2), 42:19(1/1), 43:19(1/1), 44:20(1/0), 43:21(1/0), 42:20(1/0), 42:21(1/0), 42:18(1/0), 41:19(1/0), 41:20(2/1), 43:18(2/0), 41:18(2/1), 41:17(2/1), 42:17(2/1), 44:22(2/0), 43:22(2/0), 42:22(2/0), 44:21(2/0), 45:20(2/0), 44:19(2/0), 40:17(2/0), 40:18(2/0), 42:16(2/0), 41:16(2/0), 44:18(2/0)
1, 14, UNIT_SETTLER, 16, 66:21(1/2), 66:22(1/0), 65:21(1/0), 66:20(1/0), 67:20(1/0), 67:22(1/0), 67:23(2/1), 67:19(2/1), 66:19(2/1), 66:23(2/1), 65:22(2/1), 68:22(2/0), 65:23(2/0), 65:20(2/0), 65:19(2/0), 68:20(2/0)
1, 14, UNIT_WARRIOR, 16, 65:21(1/2), 65:22(1/1), 65:20(1/0), 66:20(1/0), 66:21(1/0), 66:22(1/0), 66:23(2/1), 66:19(2/1), 64:20(2/1), 64:19(2/1), 65:23(2/0), 65:19(2/0), 67:20(2/0), 67:22(2/0), 67:23(2/0), 67:19(2/0)
1, 14, UNIT_WARRIOR, 15, 66:22(1/2), 65:22(1/1), 66:23(1/1), 67:22(1/0), 66:21(1/0), 65:21(1/0), 65:23(1/0), 67:23(1/0), 67:24(2/0), 68:22(2/0), 67:20(2/0), 66:20(2/0), 65:20(2/0), 66:24(2/0), 65:24(2/0)
1, 63, UNIT_SPEARMAN, 29, 51:14(1/2), 50:15(1/1), 50:14(1/1), 50:13(1/1), 52:14(1/1), 51:15(1/0), 51:13(1/0), 52:13(1/0), 50:12(1/0), 51:12(1/0), 49:14(1/0), 49:13(1/0), 49:15(2/0), 52:16(2/1), 52:15(2/1), 51:16(2/1), 52:12(2/1), 48:14(2/1), 48:13(2/1), 51:11(2/1), 49:12(2/1), 49:11(2/1), 53:13(2/1), 53:12(2/1), 50:16(2/0), 53:14(2/0), 50:11(2/0), 48:15(2/0), 53:15(2/0)
1, 63, UNIT_SCOUT, 40, 51:15(1/3), 51:16(1/2), 52:15(1/2), 52:16(1/2), 53:14(1/1), 53:15(1/1), 50:16(1/1), 52:14(1/0), 51:14(1/0), 50:15(1/0), 50:17(1/0), 53:16(1/0), 52:17(1/0), 54:14(1/0), 50:14(2/2), 50:13(2/2), 51:17(2/0), 54:15(2/0), 52:13(2/2), 53:13(2/0), 54:16(2/0), 49:17(2/0), 51:13(2/1), 49:15(2/1), 50:12(2/1), 51:12(2/1), 49:14(2/1), 49:13(2/1), 52:12(2/1), 53:12(2/1), 50:18(2/1), 49:16(2/0), 51:18(2/0), 53:17(2/0), 52:18(2/0), 49:11(2/0), 49:12(2/0), 51:11(2/0), 48:13(2/0), 48:14(2/0)
1, 63, UNIT_SPEARMAN, 21, 10:17(1/2), 10:16(1/1), 11:16(1/1), 11:17(1/0), 11:18(1/0), 9:17(1/0), 10:18(1/0), 12:16(1/0), 9:15(1/0), 9:16(2/0), 11:15(2/0), 12:15(2/1), 12:17(2/0), 9:18(2/0), 9:19(2/0), 12:18(2/0), 11:19(2/0), 10:19(2/0), 8:17(2/0), 13:16(2/0), 10:14(2/0)
1, 63, UNIT_SCOUT, 23, 11:18(1/3), 10:19(1/1), 10:18(1/1), 10:17(1/0), 11:17(1/0), 12:18(1/0), 11:19(1/0), 9:19(2/0), 10:20(2/0), 12:16(2/2), 10:16(2/2), 11:16(2/2), 11:20(2/0), 9:17(2/1), 12:19(2/1), 12:17(2/1), 9:15(2/1), 12:15(2/1), 9:18(2/0), 13:18(2/0), 12:20(2/0), 11:15(2/0), 9:16(2/0)
1, 63, UNIT_SPEARMAN, 16, 43:4(1/2), 42:4(1/1), 42:3(1/1), 43:3(1/1), 42:5(1/0), 41:3(1/0), 41:5(1/0), 42:2(1/0), 41:4(2/0), 43:2(2/0), 44:3(2/0), 40:5(2/1), 41:2(2/1), 42:6(2/0), 41:6(2/0), 40:4(2/0)
1, 63, UNIT_SCOUT, 19, 42:4(1/3), 41:5(1/2), 41:3(1/2), 42:3(1/2), 43:4(1/1), 42:5(1/1), 41:4(1/1), 43:3(1/1), 41:2(1/1), 42:2(1/1), 40:5(1/1), 40:4(1/0), 42:6(1/0), 41:6(1/0), 43:2(1/0), 40:6(2/0), 44:3(2/0), 42:7(2/0), 41:7(2/0)
1, 63, UNIT_SPEARMAN, 23, 19:15(1/2), 18:15(1/1), 20:14(1/1), 20:15(1/0), 19:14(1/0), 19:16(1/0), 19:13(1/0), 21:14(1/0), 18:14(1/0), 17:15(2/0), 20:13(2/0), 18:13(2/1), 21:15(2/1), 17:14(2/1), 17:13(2/1), 21:13(2/1), 22:14(2/1), 18:16(2/0), 19:17(2/0), 18:17(2/0), 20:12(2/0), 19:12(2/0), 18:12(2/0)
1, 63, UNIT_SCOUT, 32, 18:15(1/3), 18:14(1/2), 19:15(1/2), 19:16(1/1), 19:14(1/1), 17:15(1/1), 20:14(1/1), 17:14(1/1), 17:13(1/1), 18:13(1/1), 18:16(1/0), 18:12(1/0), 19:13(1/0), 20:15(1/0), 21:14(1/0), 16:15(2/0), 17:17(2/2), 16:13(2/0), 16:14(2/0), 19:12(2/0), 18:17(2/2), 17:16(2/2), 20:13(2/0), 21:15(2/2), 21:13(2/2), 22:14(2/2), 19:17(2/0), 16:16(2/1), 17:18(2/1), 16:17(2/1), 20:12(2/1), 18:18(2/0)
2, 0, UNIT_WARRIOR, 14, 53:19(1/2), 54:19(1/1), 54:20(1/1), 54:18(1/0), 52:19(1/0), 53:20(1/0), 54:21(1/0), 55:18(2/0), 53:21(2/0), 54:17(2/0), 53:17(2/0), 52:20(2/0), 52:21(2/0), 52:18(2/0)
2, 1, UNIT_WARRIOR, 23, 43:9(1/2), 43:10(1/1), 44:10(1/1), 44:11(1/0), 44:9(1/0), 44:8(1/0), 43:8(1/0), 42:9(1/0), 43:11(1/0), 44:12(2/1), 45:11(2/1), 42:10(2/0), 42:11(2/0), 43:12(2/1), 45:12(2/0), 45:10(2/0), 43:7(2/0), 42:8(2/0), 41:9(2/0), 45:9(2/0), 45:8(2/0), 42:7(2/0), 44:13(2/0)
2, 2, UNIT_WARRIOR, 16, 15:38(1/2), 16:38(1/1), 15:37(1/0), 14:37(1/0), 16:39(1/0), 17:38(2/0), 16:37(2/0), 15:36(2/1), 17:39(2/1), 17:40(2/1), 14:36(2/0), 16:36(2/0), 13:37(2/0), 18:38(2/0), 18:40(2/0), 17:41(2/0)
2, 3, UNIT_WARRIOR, 17, 9:27(1/2), 9:26(1/1), 10:27(1/1), 9:25(1/0), 8:25(1/0), 8:26(1/0), 10:26(1/0), 8:27(1/0), 10:24(2/1), 8:28(2/1), 11:28(2/0), 11:27(2/0), 11:26(2/0), 9:24(2/0), 8:24(2/0), 10:25(2/0), 10:23(2/0)
2, 4, UNIT_WARRIOR, 15, 14:12(1/2), 13:12(1/1), 13:11(1/1), 14:11(1/1), 15:12(1/0), 14:13(1/0), 13:13(1/0), 13:10(1/0), 16:12(2/1), 15:11(2/0), 12:13(2/0), 15:13(2/0), 16:11(2/0), 14:14(2/0), 12:9(2/0)
2, 5, UNIT_SETTLER, 21, 48:29(1/2), 49:28(1/1), 49:29(1/1), 49:30(1/0), 48:28(1/0), 48:30(1/0), 50:29(1/0), 50:30(1/0), 50:28(1/0), 49:27(1/0), 47:31(2/1), 48:27(2/0), 49:31(2/1), 47:27(2/1), 51:28(2/1), 48:31(2/0), 47:28(2/0), 51:29(2/0), 50:27(2/0), 50:26(2/0), 49:26(2/0)
2, 5, UNIT_WARRIOR, 8, 47:31(1/2), 48:30(1/0), 48:31(1/0), 48:32(1/0), 49:31(2/1), 49:30(2/0), 48:29(2/0), 50:30(2/0)
2, 6, UNIT_WARRIOR, 19, 38:15(1/2), 39:14(1/1), 39:15(1/1), 39:16(1/1), 40:14(1/0), 40:16(1/0), 40:15(1/0), 38:16(1/0), 39:17(1/0), 41:15(2/1), 41:16(2/1), 40:17(2/1), 39:13(2/0), 40:18(2/1), 41:14(2/0), 40:13(2/0), 42:16(2/0), 41:17(2/0), 41:18(2/0)
2, 6, UNIT_WARRIOR, 22, 39:16(1/2), 39:15(1/1), 40:16(1/1), 39:17(1/1), 38:15(1/0), 40:15(1/0), 40:14(1/0), 39:14(1/0), 38:16(1/0), 40:17(1/0), 41:16(1/0), 40:18(1/0), 41:15(2/1), 42:16(2/1), 41:17(2/1), 41:18(2/1), 41:14(2/0), 40:13(2/0), 39:13(2/0), 42:17(2/0), 42:18(2/0), 41:19(2/0)
2, 7, UNIT_WARRIOR, 16, 30:25(1/2), 30:26(1/1), 31:24(1/1), 29:25(1/0), 29:27(1/0), 30:27(1/0), 30:23(2/0), 32:24(2/0), 28:25(2/1), 29:24(2/1), 29:28(2/1), 30:28(2/1), 29:26(2/0), 31:28(2/0), 28:24(2/0), 28:23(2/0)
2, 7, UNIT_WARRIOR, 16, 30:23(1/2), 31:24(1/1), 31:22(1/0), 30:22(1/0), 29:23(1/0), 32:24(2/0), 30:25(2/0), 29:24(2/1), 28:23(2/1), 28:22(2/0), 30:21(2/0), 29:21(2/0), 29:22(2/0), 28:24(2/0), 29:25(2/0), 28:25(2/0)
2, 8, UNIT_WARRIOR, 14, 47:24(1/2), 46:25(1/1), 46:24(1/1), 47:23(1/1), 48:24(1/1), 47:25(1/1), 47:26(1/0), 47:22(2/0), 45:25(2/0), 46:26(2/0), 48:25(2/0), 47:27(2/0), 48:26(2/0), 49:24(2/0)
2, 8, UNIT_WARRIOR, 16, 47:22(1/2), 47:23(1/1), 47:24(1/0), 48:24(1/0), 47:21(1/0), 46:22(1/0), 47:25(2/1), 46:24(2/1), 46:25(2/1), 48:25(2/0), 49:24(2/0), 48:21(2/0), 48:20(2/0), 45:21(2/0), 45:22(2/0), 47:26(2/0)
2, 9, UNIT_WARRIOR, 24, 15:28(1/2), 14:29(1/1), 14:28(1/1), 14:27(1/1), 15:27(1/1), 16:28(1/1), 16:29(1/0), 14:26(1/0), 15:26(1/0), 14:30(1/0), 15:30(2/0), 13:29(2/0), 14:25(2/1), 13:27(2/1), 13:31(2/1), 13:30(2/1), 16:26(2/0), 17:30(2/0), 13:25(2/0), 13:26(2/0), 15:25(2/0), 15:24(2/0), 14:24(2/0), 13:28(2/0)
2, 9, UNIT_WARRIOR, 23, 15:27(1/2), 14:27(1/1), 15:26(1/1), 16:28(1/1), 15:28(1/0), 16:29(1/0), 16:26(1/0), 14:25(1/0), 14:28(1/0), 14:26(1/0), 14:29(2/1), 15:25(2/0), 13:27(2/1), 14:24(2/1), 15:24(2/1), 16:25(2/0), 17:30(2/0), 14:30(2/0), 17:26(2/0), 13:25(2/0), 13:26(2/0), 13:28(2/0), 13:29(2/0)
2, 10, UNIT_WARRIOR, 10, 72:16(1/2), 72:15(1/1), 72:14(1/0), 72:17(1/0), 71:17(1/0), 73:15(2/0), 71:13(2/1), 70:17(2/0), 71:18(2/0), 70:13(2/0)
2, 10, UNIT_WARRIOR, 8, 72:14(1/2), 71:13(1/1), 72:15(1/1), 70:13(1/0), 73:15(2/0), 72:16(2/0), 69:13(2/0), 70:14(2/0)
2, 11, UNIT_WARRIOR, 28, 11:32(1/2), 10:32(1/1), 10:31(1/1), 12:32(1/1), 11:33(1/1), 11:31(1/0), 12:33(1/0), 13:32(1/0), 12:31(1/0), 10:33(1/0), 11:34(1/0), 9:31(1/0), 9:32(1/0), 9:33(1/0), 10:30(1/0), 12:30(2/1), 13:31(2/1), 12:34(2/1), 11:30(2/0), 10:29(2/1), 8:31(2/1), 13:33(2/0), 13:30(2/0), 11:29(2/0), 9:30(2/0), 8:33(2/0), 14:30(2/0), 11:35(2/0)
2, 11, UNIT_WARRIOR, 24, 11:33(1/2), 11:34(1/1), 12:32(1/1), 12:33(1/0), 11:32(1/0), 12:31(1/0), 13:32(1/0), 12:34(1/0), 10:33(1/0), 10:32(2/1), 10:31(2/1), 11:31(2/0), 12:30(2/1), 13:31(2/1), 9:33(2/1), 11:35(2/1), 13:33(2/0), 13:30(2/0), 9:31(2/0), 9:32(2/0), 10:30(2/0), 12:35(2/0), 11:29(2/0), 14:30(2/0)
2, 12, UNIT_WARRIOR, 16, 13:18(1/2), 14:18(1/1), 13:17(1/0), 12:17(1/0), 12:18(1/0), 12:19(1/0), 13:16(2/1), 14:19(2/0), 14:17(2/0), 14:16(2/0), 11:18(2/0), 12:20(2/0), 12:16(2/0), 11:17(2/0), 11:19(2/0), 13:20(2/0)
2, 12, UNIT_WARRIOR, 17, 13:17(1/2), 13:16(1/1), 14:18(1/1), 14:17(1/0), 13:18(1/0), 14:16(1/0), 12:17(1/0), 15:16(2/1), 14:19(2/0), 13:15(2/0), 12:15(2/0), 12:16(2/0), 15:17(2/0), 12:18(2/0), 12:19(2/0), 16:16(2/0), 11:17(2/0)
2, 13, UNIT_WARRIOR, 24, 42:19(1/2), 41:19(1/1), 42:18(1/1), 43:19(1/1), 43:20(1/0), 43:18(1/0), 44:20(1/0), 42:20(1/0), 41:18(1/0), 41:20(1/0), 42:17(1/0), 41:17(1/0), 44:19(2/0), 44:18(2/0), 41:16(2/1), 42:16(2/1), 40:18(2/1), 40:17(2/1), 43:21(2/0), 42:21(2/0), 43:17(2/0), 44:21(2/0), 45:20(2/0), 43:16(2/0)
2, 13, UNIT_WARRIOR, 25, 43:20(1/2), 42:19(1/1), 43:19(1/1), 44:20(1/0), 43:21(1/0), 42:20(1/0), 42:21(1/0), 42:18(1/0), 41:19(1/0), 43:18(2/0), 44:19(2/0), 44:18(2/0), 41:20(2/1), 41:18(2/1), 41:17(2/1), 42:17(2/1), 44:21(2/0), 45:20(2/0), 44:22(2/0), 43:22(2/0), 42:22(2/0), 40:17(2/0), 40:18(2/0), 42:16(2/0), 41:16(2/0)
2, 14, UNIT_WARRIOR, 16, 65:21(1/2), 65:22(1/1), 66:21(1/1), 66:22(1/0), 66:20(1/0), 65:20(1/0), 66:19(2/1), 67:20(2/0), 66:23(2/1), 64:20(2/1), 64:19(2/1), 65:23(2/0), 67:22(2/0), 65:19(2/0), 67:19(2/0), 67:23(2/0)
2, 14, UNIT_WARRIOR, 15, 66:22(1/2), 65:22(1/1), 66:21(1/1), 66:23(1/1), 67:22(1/0), 65:21(1/0), 65:23(1/0), 67:23(1/0), 67:20(2/0), 66:20(2/0), 67:24(2/0), 68:22(2/0), 65:20(2/0), 66:24(2/0), 65:24(2/0)
2, 63, UNIT_SPEARMAN, 29, 51:14(1/2), 50:15(1/1), 50:14(1/1), 50:13(1/1), 52:14(1/1), 51:15(1/0), 51:13(1/0), 52:13(1/0), 50:12(1/0), 51:12(1/0), 49:14(1/0), 49:13(1/0), 49:15(2/0), 52:16(2/1), 52:15(2/1), 51:16(2/1), 52:12(2/1), 48:14(2/1), 48:13(2/1), 51:11(2/1), 49:12(2/1), 49:11(2/1), 53:13(2/1), 53:12(2/1), 50:16(2/0), 53:14(2/0), 50:11(2/0), 48:15(2/0), 53:15(2/0)
2, 63, UNIT_SCOUT, 40, 51:15(1/3), 51:16(1/2), 52:15(1/2), 52:16(1/2), 53:14(1/1), 53:15(1/1), 50:16(1/1), 52:14(1/0), 51:14(1/0), 50:15(1/0), 50:17(1/0), 53:16(1/0), 52:17(1/0), 54:14(1/0), 50:14(2/2), 50:13(2/2), 51:17(2/0), 54:15(2/0), 52:13(2/2), 53:13(2/0), 54:16(2/0), 49:17(2/0), 51:13(2/1), 49:15(2/1), 50:12(2/1), 51:12(2/1), 49:14(2/1), 49:13(2/1), 52:12(2/1), 53:12(2/1), 50:18(2/1), 49:16(2/0), 51:18(2/0), 53:17(2/0), 52:18(2/0), 49:11(2/0), 49:12(2/0), 51:11(2/0), 48:13(2/0), 48:14(2/0)
2, 63, UNIT_SPEARMAN, 21, 10:17(1/2), 10:16(1/1), 11:16(1/1), 11:17(1/0), 11:18(1/0), 9:17(1/0), 10:18(1/0), 12:16(1/0), 9:15(1/0), 9:16(2/0), 11:15(2/0), 12:15(2/1), 12:17(2/0), 9:18(2/0), 9:19(2/0), 12:18(2/0), 11:19(2/0), 10:19(2/0), 8:17(2/0), 13:16(2/0), 10:14(2/0)
2, 63, UNIT_SCOUT, 23, 11:18(1/3), 10:19(1/1), 10:18(1/1), 10:17(1/0), 11:17(1/0), 12:18(1/0), 11:19(1/0), 9:19(2/0), 10:20(2/0), 12:16(2/2), 10:16(2/2), 11:16(2/2), 11:20(2/0), 9:17(2/1), 12:19(2/1), 13:18(2/1), 9:15(2/1), 12:15(2/1), 9:18(2/0), 12:17(2/0), 12:20(2/0), 11:15(2/0), 9:16(2/0)
2, 63, UNIT_SPEARMAN, 16, 43:4(1/2), 42:4(1/1), 42:3(1/1), 43:3(1/1), 42:5(1/0), 41:3(1/0), 41:5(1/0), 42:2(1/0), 41:4(2/0), 43:2(2/0), 44:3(2/0), 40:5(2/1), 41:2(2/1), 42:6(2/0), 41:6(2/0), 40:4(2/0)
2, 63, UNIT_SCOUT, 19, 42:4(1/3), 41:5(1/2), 41:3(1/2), 42:3(1/2), 43:4(1/1), 42:5(1/1), 41:4(1/1), 43:3(1/1), 41:2(1/1), 42:2(1/1), 40:5(1/1), 40:4(1/0), 42:6(1/0), 41:6(1/0), 43:2(1/0), 40:6(2/0), 44:3(2/0), 42:7(2/0), 41:7(2/0)
2, 63, UNIT_SPEARMAN, 23, 19:15(1/2), 18:15(1/1), 20:14(1/1), 20:15(1/0), 19:14(1/0), 19:16(1/0), 19:13(1/0), 21:14(1/0), 18:14(1/0), 17:15(2/0), 20:13(2/0), 18:13(2/1), 21:15(2/1), 17:14(2/1), 17:13(2/1), 21:13(2/1), 22:14(2/1), 18:16(2/0), 19:17(2/0), 18:17(2/0), 20:12(2/0), 19:12(2/0), 18:12(2/0)
2, 63, UNIT_SCOUT, 32, 18:15(1/3), 18:14(1/2), 19:15(1/2), 19:16(1/1), 19:14(1/1), 17:15(1/1), 20:14(1/1), 17:14(1/1), 17:13(1/1), 18:13(1/1), 18:16(1/0), 18:12(1/0), 19:13(1/0), 20:15(1/0), 21:14(1/0), 16:15(2/0), 17:17(2/2), 16:13(2/0), 16:14(2/0), 19:12(2/0), 18:17(2/2), 17:16(2/2), 20:13(2/0), 21:15(2/2), 21:13(2/2), 22:14(2/2), 19:17(2/0), 16:16(2/1), 17:18(2/1), 16:17(2/1), 20:12(2/1), 18:18(2/0)
2, 63, UNIT_SPEARMAN, 3, 38:43(1/2), 38:42(1/1), 37:42(2/0)
2, 63, UNIT_GALLEY, 18, 39:44(1/3), 38:45(1/2), 38:44(1/2), 39:43(1/2), 40:44(1/2), 39:45(1/2), 37:43(1/1), 39:42(1/1), 41:44(1/1), 36:43(1/0), 39:41(1/0), 38:41(1/0), 37:41(2/2), 38:40(2/2), 35:43(2/2), 40:40(2/2), 39:40(2/2), 37:40(2/1)
3, 0, UNIT_WARRIOR, 14, 53:19(1/2), 54:19(1/1), 54:20(1/1), 54:18(1/0), 52:19(1/0), 53:20(1/0), 54:21(1/0), 55:18(2/0), 53:21(2/0), 54:17(2/0), 53:17(2/0), 52:20(2/0), 52:21(2/0), 52:18(2/0)
3, 1, UNIT_WARRIOR, 28, 43:11(1/2), 43:12(1/1), 43:10(1/1), 44:10(1/1), 44:11(1/1), 44:12(1/1), 45:11(1/0), 42:11(1/0), 44:13(1/0), 43:9(1/0), 45:12(2/0), 43:13(2/0), 42:12(2/0), 42:13(2/0), 42:10(2/0), 44:14(2/1), 42:9(2/0), 44:9(2/0), 46:12(2/0), 46:11(2/0), 45:10(2/0), 41:11(2/0), 45:14(2/0), 45:13(2/0), 44:8(2/0), 43:8(2/0), 44:15(2/0), 43:14(2/0)
3, 2, UNIT_WARRIOR, 21, 16:39(1/2), 16:38(1/1), 17:39(1/1), 17:40(1/1), 17:38(1/0), 18:38(1/0), 17:41(1/0), 15:38(1/0), 18:40(1/0), 18:39(2/0), 17:37(2/1), 18:37(2/1), 16:37(2/0), 15:37(2/0), 18:41(2/1), 18:36(2/0), 17:36(2/0), 19:37(2/0), 19:36(2/0), 14:37(2/0), 19:40(2/0)
3, 3, UNIT_WARRIOR, 19, 8:27(1/2), 8:28(1/1), 8:26(1/1), 9:26(1/1), 9:27(1/1), 8:25(1/0), 9:25(1/0), 10:27(1/0), 10:24(2/1), 8:29(2/0), 7:29(2/0), 10:26(2/0), 9:24(2/0), 8:24(2/0), 10:25(2/0), 10:23(2/0), 11:28(2/0), 11:27(2/0), 11:26(2/0)
3, 4, UNIT_WARRIOR, 15, 13:13(1/2), 13:12(1/1), 14:12(1/1), 14:11(1/0), 13:11(1/0), 14:13(1/0), 14:14(1/0), 12:13(1/0), 15:12(2/0), 13:10(2/1), 15:11(2/0), 15:13(2/0), 13:15(2/0), 11:13(2/0), 12:14(2/0)
3, 5, UNIT_WARRIOR, 16, 48:30(1/2), 47:31(1/1), 48:29(1/1), 49:30(1/0), 49:28(1/0), 49:29(1/0), 48:31(1/0), 50:30(2/1), 49:31(2/1), 50:29(2/1), 50:28(2/1), 49:27(2/1), 48:32(2/0), 48:28(2/0), 48:27(2/0), 51:28(2/0)
3, 6, UNIT_WARRIOR, 20, 39:17(1/2), 39:16(1/1), 40:16(1/1), 40:17(1/1), 40:18(1/1), 40:15(1/0), 39:15(1/0), 41:17(1/0), 41:18(1/0), 41:16(1/0), 38:15(2/0), 39:14(2/1), 40:14(2/1), 41:15(2/1), 42:16(2/1), 41:19(2/1), 42:17(2/1), 42:18(2/1), 38:16(2/0), 41:14(2/0)
3, 6, UNIT_WARRIOR, 19, 38:15(1/2), 39:14(1/1), 39:15(1/1), 39:16(1/1), 40:14(1/0), 40:16(1/0), 40:15(1/0), 38:16(1/0), 39:17(1/0), 41:15(2/1), 41:16(2/1), 40:17(2/1), 39:13(2/0), 40:18(2/1), 41:14(2/0), 40:13(2/0), 42:16(2/0), 41:17(2/0), 41:18(2/0)
3, 7, UNIT_WARRIOR, 11, 30:27(1/2), 30:28(1/1), 29:27(1/1), 30:26(1/1), 31:28(1/0), 29:28(1/0), 30:25(2/0), 31:29(2/1), 29:25(2/0), 32:28(2/0), 29:26(2/0)
3, 7, UNIT_WARRIOR, 16, 30:22(1/2), 30:23(1/0), 31:22(1/0), 30:21(1/0), 29:21(1/0), 29:22(1/0), 29:23(1/0), 31:24(2/1), 29:24(2/1), 28:23(2/1), 28:22(2/1), 30:20(2/0), 29:20(2/0), 28:24(2/0), 29:25(2/0), 28:25(2/0)
3, 8, UNIT_WARRIOR, 15, 46:24(1/2), 47:24(1/1), 46:25(1/1), 48:24(1/0), 47:23(1/0), 45:25(1/0), 47:25(1/0), 47:26(1/0), 46:26(2/0), 47:22(2/0), 45:26(2/0), 48:25(2/0), 49:24(2/0), 47:27(2/0), 48:26(2/0)
3, 8, UNIT_WARRIOR, 15, 47:23(1/2), 47:24(1/1), 48:24(1/1), 47:22(1/0), 47:25(1/0), 46:24(1/0), 46:25(1/0), 47:26(2/1), 48:25(2/0), 47:21(2/0), 46:22(2/0), 46:26(2/0), 48:26(2/0), 45:25(2/0), 49:24(2/0)
3, 9, UNIT_WARRIOR, 17, 16:29(1/2), 16:28(1/1), 15:27(1/0), 17:30(1/0), 15:28(2/0), 14:27(2/1), 15:26(2/1), 16:31(2/1), 18:30(2/1), 17:31(2/1), 16:26(2/0), 19:30(2/0), 14:26(2/0), 14:28(2/0), 14:25(2/0), 15:31(2/0), 18:29(2/0)
3, 9, UNIT_WARRIOR, 17, 16:28(1/2), 15:27(1/1), 16:29(1/1), 15:28(1/0), 14:27(1/0), 15:26(1/0), 14:29(2/1), 14:28(2/1), 17:30(2/0), 14:25(2/1), 14:26(2/1), 16:26(2/0), 14:30(2/0), 13:27(2/0), 15:25(2/0), 15:24(2/0), 14:24(2/0)
3, 10, UNIT_WARRIOR, 14, 71:17(1/2), 72:16(1/0), 72:17(1/0), 70:17(1/0), 71:18(1/0), 72:15(2/1), 70:16(2/1), 72:14(2/0), 69:17(2/0), 70:18(2/0), 70:19(2/0), 71:19(2/0), 69:16(2/0), 69:15(2/0)
3, 10, UNIT_WARRIOR, 11, 70:13(1/2), 71:13(1/1), 72:14(1/0), 69:13(1/0), 70:14(1/0), 72:15(2/1), 69:15(2/1), 69:14(2/1), 68:13(2/0), 69:16(2/0), 70:16(2/0)
3, 11, UNIT_WARRIOR, 22, 10:32(1/2), 9:33(1/1), 9:32(1/1), 9:31(1/1), 10:31(1/1), 11:32(1/0), 10:33(1/0), 8:31(1/0), 10:30(1/0), 11:31(2/0), 11:33(2/1), 12:32(2/1), 8:33(2/0), 9:30(2/0), 11:30(2/0), 11:34(2/1), 10:29(2/1), 8:30(2/1), 12:33(2/0), 13:32(2/0), 12:31(2/0), 11:29(2/0)
3, 11, UNIT_WARRIOR, 29, 12:32(1/2), 11:33(1/1), 12:31(1/1), 13:32(1/1), 12:33(1/1), 11:31(1/0), 11:32(1/0), 12:30(1/0), 11:34(1/0), 13:31(1/0), 12:34(1/0), 10:32(2/1), 10:31(2/1), 13:33(2/0), 14:30(2/1), 11:29(2/1), 13:30(2/1), 11:35(2/1), 10:33(2/0), 11:30(2/0), 9:31(2/0), 9:32(2/0), 9:33(2/0), 10:30(2/0), 12:29(2/0), 12:35(2/0), 14:29(2/0), 12:28(2/0), 10:29(2/0)
3, 12, UNIT_WARRIOR, 19, 12:17(1/2), 13:16(1/1), 13:17(1/0), 13:18(1/0), 12:16(1/0), 11:17(1/0), 12:18(1/0), 14:18(2/1), 11:16(2/1), 14:16(2/0), 12:15(2/1), 13:15(2/0), 14:17(2/0), 12:19(2/0), 10:17(2/0), 11:18(2/0), 11:15(2/0), 11:19(2/0), 10:16(2/0)
3, 12, UNIT_WARRIOR, 19, 13:16(1/2), 13:17(1/0), 14:16(1/0), 13:15(1/0), 12:15(1/0), 12:16(1/0), 12:17(1/0), 14:18(2/1), 11:16(2/1), 15:16(2/1), 14:17(2/0), 13:18(2/0), 14:14(2/0), 12:14(2/0), 11:15(2/0), 11:17(2/0), 12:18(2/0), 10:16(2/0), 16:16(2/0)
3, 13, UNIT_WARRIOR, 19, 41:20(1/2), 41:19(1/1), 42:19(1/0), 42:20(1/0), 42:18(1/0), 41:18(1/0), 43:19(2/1), 40:18(2/1), 40:17(2/1), 41:17(2/1), 42:17(2/1), 43:20(2/0), 43:18(2/0), 44:20(2/0), 42:21(2/0), 39:17(2/0), 41:16(2/0), 40:16(2/0), 42:16(2/0)
3, 13, UNIT_WARRIOR, 15, 42:21(1/2), 43:20(1/0), 43:21(1/0), 43:22(1/0), 42:20(1/0), 42:22(1/0), 42:19(2/1), 43:19(2/1), 41:20(2/1), 41:19(2/1), 44:20(2/0), 42:18(2/0), 44:22(2/0), 44:21(2/0), 41:18(2/0)
3, 14, UNIT_WARRIOR, 16, 66:21(1/2), 66:22(1/0), 65:21(1/0), 66:20(1/0), 67:20(1/0), 67:22(1/0), 67:23(2/1), 67:19(2/1), 66:19(2/1), 66:23(2/1), 65:22(2/1), 65:23(2/0), 65:20(2/0), 65:19(2/0), 68:20(2/0), 68:22(2/0)
3, 14, UNIT_WARRIOR, 15, 67:23(1/2), 66:23(1/1), 67:22(1/0), 68:22(1/0), 67:24(1/0), 66:21(2/1), 66:22(2/0), 66:25(2/1), 67:25(2/1), 65:23(2/0), 69:22(2/1), 68:21(2/0), 66:24(2/0), 67:26(2/0), 66:26(2/0)
3, 63, UNIT_SPEARMAN, 31, 51:14(1/2), 50:15(1/1), 50:14(1/1), 50:13(1/1), 52:14(1/1), 51:15(1/0), 51:13(1/0), 52:13(1/0), 50:12(1/0), 51:12(1/0), 49:14(1/0), 49:13(1/0), 52:12(2/1), 49:15(2/0), 52:16(2/1), 52:15(2/1), 51:16(2/1), 53:13(2/1), 53:12(2/1), 48:14(2/1), 48:13(2/1), 51:11(2/1), 49:12(2/1), 49:11(2/1), 50:16(2/0), 53:14(2/0), 50:11(2/0), 48:15(2/0), 53:15(2/0), 53:11(2/0), 54:13(2/0)
3, 63, UNIT_SCOUT, 30, 54:14(1/3), 53:15(1/2), 53:14(1/2), 54:15(1/1), 52:15(1/1), 54:13(1/0), 53:13(1/0), 53:16(1/0), 52:16(1/0), 51:15(1/0), 54:16(2/0), 52:13(2/0), 52:14(2/0), 53:12(2/2), 51:16(2/2), 55:12(2/1), 52:12(2/1), 52:17(2/1), 53:11(2/1), 50:16(2/1), 52:11(2/0), 55:11(2/0), 54:11(2/0), 53:17(2/0), 51:11(2/0), 51:17(2/0), 51:14(2/0), 50:15(2/0), 51:12(2/0), 50:17(2/0)
3, 63, UNIT_SPEARMAN, 21, 10:17(1/2), 10:16(1/1), 11:16(1/1), 11:17(1/0), 11:18(1/0), 9:17(1/0), 10:18(1/0), 12:16(1/0), 9:15(1/0), 9:16(2/0), 11:15(2/0), 12:17(2/0), 9:18(2/0), 12:18(2/0), 11:19(2/0), 10:19(2/0), 8:17(2/0), 9:19(2/0), 13:16(2/0), 12:15(2/0), 10:14(2/0)
3, 63, UNIT_SCOUT, 22, 11:19(1/3), 10:19(1/1), 11:18(1/1), 12:19(1/1), 12:20(1/0), 12:18(1/0), 11:20(1/0), 11:21(2/2), 12:21(2/2), 13:18(2/0), 10:18(2/0), 9:19(2/0), 10:20(2/0), 10:21(2/1), 11:22(2/1), 12:22(2/1), 11:17(2/0), 10:17(2/0), 13:20(2/0), 13:22(2/0), 13:21(2/0), 9:21(2/0)
3, 63, UNIT_SPEARMAN, 16, 43:4(1/2), 42:4(1/1), 42:3(1/1), 43:3(1/1), 42:5(1/0), 41:3(1/0), 41:5(1/0), 42:2(1/0), 41:4(2/0), 43:2(2/0), 44:3(2/0), 40:5(2/1), 41:2(2/1), 42:6(2/0), 41:6(2/0), 40:4(2/0)
3, 63, UNIT_SCOUT, 17, 42:2(1/3), 41:3(1/2), 41:2(1/2), 42:3(1/2), 43:2(1/1), 43:3(1/1), 42:4(1/1), 41:4(1/0), 43:4(1/0), 41:5(1/0), 44:3(2/0), 42:5(2/0), 40:4(2/2), 40:5(2/2), 42:6(2/1), 41:6(2/1), 40:6(2/0)
3, 63, UNIT_SPEARMAN, 27, 19:15(1/2), 18:15(1/1), 20:14(1/1), 20:15(1/0), 19:14(1/0), 19:16(1/0), 19:13(1/0), 21:14(1/0), 18:14(1/0), 17:15(2/0), 20:13(2/0), 21:15(2/1), 18:13(2/1), 17:14(2/1), 17:13(2/1), 21:13(2/1), 22:14(2/1), 18:16(2/0), 19:17(2/0), 18:17(2/0), 18:12(2/0), 20:12(2/0), 19:12(2/0), 22:16(2/0), 22:15(2/0), 22:13(2/0), 23:14(2/0)
3, 63, UNIT_SCOUT, 29, 21:14(1/3), 20:14(1/2), 21:13(1/2), 22:14(1/2), 21:15(1/2), 20:13(1/1), 20:15(1/1), 22:16(1/1), 23:14(1/1), 22:15(1/1), 22:13(1/1), 19:15(1/1), 19:13(1/1), 19:14(1/0), 23:15(1/0), 23:13(1/0), 18:13(1/0), 18:15(1/0), 20:12(2/0), 23:16(2/0), 19:16(2/0), 19:12(2/0), 18:14(2/2), 17:13(2/2), 18:12(2/2), 17:14(2/1), 17:15(2/1), 18:16(2/0), 16:13(2/0)
3, 63, UNIT_SPEARMAN, 3, 38:43(1/2), 38:42(1/1), 37:42(2/0)
3, 63, UNIT_GALLEY, 18, 39:44(1/3), 38:45(1/2), 38:44(1/2), 39:43(1/2), 40:44(1/2), 39:45(1/2), 37:43(1/1), 39:42(1/1), 41:44(1/1), 36:43(1/0), 39:41(1/0), 38:41(1/0), 37:41(2/2), 38:40(2/2), 35:43(2/2), 40:40(2/2), 39:40(2/2), 37:40(2/1)
3, 63, UNIT_SPEARMAN, 12, 23:42(1/2), 22:41(1/1), 24:42(1/1), 25:42(1/0), 22:40(1/0), 21:41(2/0), 25:43(2/1), 21:40(2/1), 21:39(2/1), 22:39(2/1), 26:42(2/0), 26:43(2/0)
3, 63, UNIT_GALLEY, 8, 23:43(1/3), 22:43(1/2), 24:43(1/2), 25:44(1/1), 22:42(1/1), 26:44(1/0), 21:42(1/0), 20:42(2/2)
4, 0, UNIT_WARRIOR, 14, 53:19(1/2), 54:19(1/1), 54:20(1/1), 54:18(1/0), 52:19(1/0), 53:20(1/0), 54:21(1/0), 55:18(2/0), 53:21(2/0), 53:17(2/0), 54:17(2/0), 52:20(2/0), 52:21(2/0), 52:18(2/0)
4, 1, UNIT_WARRIOR, 27, 42:11(1/2), 43:10(1/1), 43:11(1/1), 43:12(1/1), 44:11(1/0), 42:10(1/0), 41:11(1/0), 42:12(1/0), 44:12(1/0), 44:10(1/0), 43:9(1/0), 45:11(2/1), 41:13(2/1), 41:12(2/1), 43:13(2/0), 42:13(2/0), 44:13(2/1), 42:9(2/0), 45:12(2/0), 45:10(2/0), 41:9(2/0), 41:10(2/0), 40:11(2/0), 44:9(2/0), 44:8(2/0), 43:8(2/0), 44:14(2/0)
4, 2, UNIT_SCOUT, 40, 18:38(1/3), 17:39(1/2), 17:37(1/2), 18:37(1/2), 18:39(1/1), 17:38(1/1), 19:36(1/1), 19:37(1/1), 18:40(1/1), 16:39(1/1), 17:40(1/1), 18:36(1/1), 17:36(1/1), 16:38(1/0), 19:39(1/0), 16:37(1/0), 17:35(1/0), 17:41(1/0), 18:41(1/0), 20:37(1/0), 20:38(1/0), 18:35(1/0), 19:35(1/0), 20:36(1/0), 16:35(2/0), 16:36(2/0), 15:38(2/2), 20:40(2/2), 19:41(2/2), 21:38(2/2), 18:34(2/2), 17:34(2/2), 19:34(2/2), 19:40(2/0), 15:37(2/1), 20:35(2/1), 20:34(2/1), 21:39(2/1), 15:36(2/0), 14:37(2/0)
4, 2, UNIT_WARRIOR, 17, 17:41(1/2), 17:40(1/1), 18:40(1/1), 18:41(1/1), 17:39(1/0), 19:41(1/0), 16:39(1/0), 18:39(2/0), 18:38(2/1), 16:38(2/1), 20:40(2/1), 19:40(2/0), 17:38(2/0), 18:37(2/0), 17:37(2/0), 20:41(2/0), 15:38(2/0)
4, 3, UNIT_SCOUT, 34, 8:25(1/3), 8:26(1/2), 9:25(1/2), 9:26(1/2), 9:24(1/1), 8:24(1/1), 9:27(1/1), 10:24(1/1), 8:27(1/0), 10:26(1/0), 10:25(1/0), 8:23(1/0), 10:23(1/0), 10:27(1/0), 9:23(2/0), 7:23(2/0), 7:24(2/0), 11:24(2/0), 8:28(2/2), 9:22(2/2), 11:23(2/2), 11:22(2/2), 11:26(2/1), 11:25(2/1), 8:22(2/1), 11:28(2/1), 11:27(2/1), 10:22(2/1), 12:26(2/0), 8:29(2/0), 7:29(2/0), 11:29(2/0), 12:28(2/0), 10:29(2/0)
4, 3, UNIT_WARRIOR, 22, 9:25(1/2), 9:26(1/1), 8:25(1/1), 10:24(1/1), 9:24(1/0), 8:26(1/0), 10:25(1/0), 10:26(1/0), 10:23(1/0), 9:27(1/0), 8:24(2/0), 8:23(2/1), 10:27(2/1), 8:27(2/0), 11:24(2/0), 9:23(2/0), 11:22(2/1), 11:23(2/1), 9:22(2/0), 11:26(2/0), 11:25(2/0), 10:22(2/0)
4, 4, UNIT_SCOUT, 17, 14:11(1/3), 14:12(1/2), 13:11(1/2), 15:11(1/1), 15:12(1/1), 13:10(1/1), 13:12(1/1), 14:13(1/0), 16:12(1/0), 16:11(1/0), 13:13(2/0), 16:10(2/0), 15:13(2/0), 12:9(2/0), 12:13(2/0), 14:14(2/1), 16:13(2/1)
4, 4, UNIT_WARRIOR, 16, 12:13(1/2), 13:12(1/1), 13:11(1/0), 14:12(1/0), 13:13(1/0), 11:13(1/0), 12:14(1/0), 14:11(2/1), 13:10(2/1), 11:12(2/1), 15:12(2/0), 14:13(2/0), 14:14(2/0), 11:14(2/0), 11:15(2/0), 12:16(2/0)
4, 5, UNIT_SCOUT, 27, 48:29(1/3), 49:28(1/2), 49:29(1/2), 48:30(1/1), 50:29(1/1), 50:30(1/1), 49:27(1/1), 50:28(1/1), 49:30(1/0), 48:28(1/0), 48:27(1/0), 47:31(1/0), 51:28(1/0), 49:31(1/0), 47:27(2/2), 48:31(2/0), 51:29(2/0), 50:27(2/0), 50:26(2/0), 49:26(2/0), 47:28(2/1), 48:32(2/1), 48:26(2/1), 50:32(2/1), 52:28(2/1), 51:27(2/0), 51:32(2/0)
4, 5, UNIT_WARRIOR, 21, 48:29(1/2), 49:28(1/1), 49:29(1/1), 49:30(1/0), 48:28(1/0), 48:30(1/0), 50:29(1/0), 50:30(1/0), 50:28(1/0), 49:27(1/0), 47:31(2/1), 47:27(2/1), 49:31(2/1), 48:27(2/0), 51:28(2/1), 48:31(2/0), 47:28(2/0), 51:29(2/0), 50:27(2/0), 50:26(2/0), 49:26(2/0)
4, 6, UNIT_WARRIOR, 25, 40:16(1/2), 39:17(1/1), 39:16(1/1), 39:15(1/1), 40:15(1/1), 41:16(1/1), 40:17(1/1), 39:14(1/0), 40:14(1/0), 41:18(1/0), 42:16(1/0), 41:17(1/0), 41:15(1/0), 40:18(1/0), 38:15(2/0), 41:14(2/0), 42:17(2/1), 42:18(2/1), 41:19(2/1), 38:16(2/0), 39:13(2/0), 40:13(2/0), 43:16(2/0), 42:15(2/0), 42:14(2/0)
4, 6, UNIT_WARRIOR, 26, 40:15(1/2), 40:16(1/1), 39:15(1/1), 40:14(1/1), 41:15(1/1), 41:16(1/1), 39:16(1/0), 39:14(1/0), 41:14(1/0), 41:17(1/0), 40:17(1/0), 39:17(1/0), 42:16(1/0), 38:15(2/0), 40:13(2/0), 39:13(2/0), 42:15(2/0), 42:14(2/0), 41:13(2/1), 40:18(2/1), 41:18(2/1), 42:17(2/1), 42:18(2/1), 38:16(2/0), 43:16(2/0), 41:19(2/0)
4, 7, UNIT_WARRIOR, 11, 30:28(1/2), 29:28(1/1), 29:27(1/1), 30:27(1/1), 31:28(1/0), 30:26(1/0), 31:29(2/1), 30:25(2/0), 32:28(2/0), 29:25(2/0), 29:26(2/0)
4, 7, UNIT_WARRIOR, 14, 29:21(1/2), 29:22(1/0), 29:20(1/0), 30:20(1/0), 30:21(1/0), 30:22(1/0), 28:23(2/1), 28:22(2/1), 30:23(2/0), 29:23(2/0), 30:19(2/0), 31:22(2/0), 28:24(2/0), 29:24(2/0)
4, 8, UNIT_WARRIOR, 17, 48:24(1/2), 47:25(1/1), 47:24(1/1), 47:23(1/1), 49:24(1/0), 48:25(1/0), 46:24(1/0), 47:26(1/0), 46:25(1/0), 47:22(2/0), 50:24(2/0), 49:25(2/0), 49:26(2/0), 48:26(2/0), 47:27(2/0), 45:25(2/0), 46:26(2/0)
4, 8, UNIT_WARRIOR, 14, 47:24(1/2), 46:25(1/1), 46:24(1/1), 47:23(1/1), 48:24(1/1), 47:25(1/1), 47:26(1/0), 47:22(2/0), 45:25(2/0), 46:26(2/0), 48:25(2/0), 47:27(2/0), 48:26(2/0), 49:24(2/0)
4, 9, UNIT_WARRIOR, 23, 15:27(1/2), 14:27(1/1), 15:26(1/1), 16:28(1/1), 15:28(1/0), 16:29(1/0), 16:26(1/0), 14:25(1/0), 14:28(1/0), 14:26(1/0), 14:29(2/1), 15:25(2/0), 13:27(2/1), 14:24(2/1), 15:24(2/1), 16:25(2/0), 17:30(2/0), 14:30(2/0), 17:26(2/0), 13:25(2/0), 13:28(2/0), 13:29(2/0), 13:26(2/0)
4, 9, UNIT_WARRIOR, 24, 14:27(1/2), 14:28(1/1), 14:26(1/1), 15:26(1/1), 15:27(1/1), 15:28(1/0), 16:28(1/0), 13:27(1/0), 14:25(1/0), 14:29(1/0), 16:29(2/1), 13:29(2/0), 13:25(2/0), 13:26(2/0), 15:25(2/0), 14:30(2/1), 14:24(2/1), 15:24(2/1), 16:26(2/0), 12:27(2/0), 13:28(2/0), 15:30(2/0), 13:30(2/0), 13:31(2/0)
4, 10, UNIT_WARRIOR, 10, 72:16(1/2), 72:15(1/1), 72:14(1/0), 72:17(1/0), 71:17(1/0), 73:15(2/0), 71:13(2/1), 70:17(2/0), 71:18(2/0), 70:13(2/0)
4, 10, UNIT_WARRIOR, 8, 71:13(1/2), 70:13(1/1), 72:14(1/1), 72:15(1/0), 69:13(2/0), 70:14(2/0), 73:15(2/0), 72:16(2/0)
4, 11, UNIT_WARRIOR, 23, 10:30(1/2), 9:31(1/1), 10:29(1/1), 10:31(1/1), 11:30(1/0), 9:30(1/0), 10:32(1/0), 8:31(1/0), 9:32(1/0), 11:29(1/0), 11:32(2/0), 11:31(2/0), 8:30(2/1), 11:28(2/0), 12:30(2/1), 9:33(2/1), 12:28(2/1), 12:31(2/0), 8:29(2/0), 7:30(2/0), 10:33(2/0), 8:33(2/0), 12:29(2/0)
4, 11, UNIT_WARRIOR, 19, 12:33(1/2), 12:34(1/1), 12:32(1/1), 13:32(1/1), 11:33(1/0), 12:31(1/0), 13:33(1/0), 13:31(1/0), 11:35(1/0), 11:31(2/0), 11:32(2/0), 11:34(2/1), 12:30(2/1), 12:35(2/0), 14:30(2/1), 13:30(2/1), 10:33(2/0), 11:29(2/0), 14:29(2/0)
4, 12, UNIT_WARRIOR, 16, 13:18(1/2), 14:18(1/1), 13:17(1/0), 12:17(1/0), 12:18(1/0), 12:19(1/0), 13:16(2/1), 14:19(2/0), 14:17(2/0), 14:16(2/0), 11:18(2/0), 12:20(2/0), 12:16(2/0), 11:17(2/0), 11:19(2/0), 13:20(2/0)
4, 12, UNIT_WARRIOR, 17, 12:15(1/2), 12:16(1/1), 11:15(1/0), 12:14(1/0), 13:15(1/0), 13:16(1/0), 11:16(1/0), 11:17(2/0), 10:16(2/1), 13:17(2/0), 12:13(2/0), 11:13(2/0), 14:14(2/0), 11:14(2/0), 14:16(2/0), 12:17(2/0), 10:17(2/0)
4, 13, UNIT_WARRIOR, 24, 42:18(1/2), 41:19(1/1), 41:18(1/1), 42:17(1/1), 42:19(1/1), 43:18(1/0), 43:19(1/0), 41:20(1/0), 40:17(1/0), 40:18(1/0), 42:16(1/0), 41:16(1/0), 43:20(2/0), 44:20(2/1), 43:16(2/0), 42:20(2/0), 40:15(2/1), 41:15(2/1), 40:16(2/1), 39:17(2/1), 44:18(2/0), 44:19(2/0), 43:17(2/0), 42:15(2/0)
4, 13, UNIT_WARRIOR, 10, 43:22(1/2), 42:22(1/0), 42:21(1/0), 43:21(1/0), 44:22(1/0), 43:20(2/0), 44:20(2/0), 42:20(2/0), 44:21(2/0), 45:22(2/0)
4, 14, UNIT_WARRIOR, 16, 65:21(1/2), 65:22(1/1), 66:21(1/1), 66:22(1/0), 66:20(1/0), 65:20(1/0), 66:19(2/1), 67:20(2/0), 66:23(2/1), 64:20(2/1), 64:19(2/1), 65:23(2/0), 67:22(2/0), 65:19(2/0), 67:19(2/0), 67:23(2/0)
4, 14, UNIT_WARRIOR, 15, 67:22(1/2), 66:23(1/1), 66:21(1/1), 67:23(1/1), 66:22(1/0), 68:22(1/0), 65:22(2/1), 67:20(2/0), 66:20(2/0), 65:21(2/0), 65:23(2/0), 69:22(2/1), 67:24(2/0), 68:21(2/0), 66:24(2/0)
4, 63, UNIT_SPEARMAN, 31, 51:14(1/2), 50:15(1/1), 50:14(1/1), 50:13(1/1), 52:14(1/1), 51:15(1/0), 51:13(1/0), 52:13(1/0), 50:12(1/0), 51:12(1/0), 49:14(1/0), 49:13(1/0), 52:12(2/1), 49:15(2/0), 52:16(2/1), 52:15(2/1), 51:16(2/1), 53:13(2/1), 53:12(2/1), 48:14(2/1), 48:13(2/1), 51:11(2/1), 49:12(2/1), 49:11(2/1), 50:16(2/0), 53:14(2/0), 50:11(2/0), 48:15(2/0), 53:15(2/0), 53:11(2/0), 54:13(2/0)
4, 63, UNIT_SCOUT, 22, 54:15(1/3), 53:15(1/2), 54:14(1/2), 52:15(1/1), 53:14(1/1), 54:16(1/0), 53:16(1/0), 52:16(1/0), 51:15(1/0), 54:13(2/0), 53:13(2/0), 51:16(2/2), 54:17(2/1), 52:14(2/0), 52:13(2/0), 52:17(2/1), 50:16(2/1), 53:17(2/0), 51:17(2/0), 51:14(2/0), 50:15(2/0), 50:17(2/0)
4, 63, UNIT_SPEARMAN, 21, 10:17(1/2), 10:16(1/1), 11:16(1/1), 11:17(1/0), 11:18(1/0), 9:17(1/0), 10:18(1/0), 12:16(1/0), 9:15(1/0), 9:16(2/0), 11:15(2/0), 12:15(2/1), 12:17(2/0), 9:18(2/0), 12:18(2/0), 11:19(2/0), 10:19(2/0), 8:17(2/0), 9:19(2/0), 13:16(2/0), 10:14(2/0)
4, 63, UNIT_SCOUT, 23, 12:20(1/3), 11:21(1/2), 11:20(1/2), 12:21(1/2), 11:22(1/1), 12:22(1/1), 13:20(1/0), 12:19(1/0), 11:19(1/0), 10:23(1/0), 11:23(1/0), 13:21(1/0), 13:22(1/0), 10:21(1/0), 10:22(2/0), 9:21(2/2), 13:23(2/2), 14:22(2/2), 14:21(2/2), 10:19(2/0), 10:20(2/0), 12:23(2/0), 14:20(2/0)
4, 63, UNIT_SPEARMAN, 16, 43:4(1/2), 42:4(1/1), 42:3(1/1), 43:3(1/1), 42:5(1/0), 41:3(1/0), 41:5(1/0), 42:2(1/0), 41:4(2/0), 43:2(2/0), 44:3(2/0), 40:5(2/1), 41:2(2/1), 42:6(2/0), 41:6(2/0), 40:4(2/0)
4, 63, UNIT_SCOUT, 19, 41:4(1/3), 40:5(1/2), 40:4(1/2), 41:3(1/2), 42:4(1/2), 41:5(1/2), 41:2(1/1), 42:2(1/1), 42:3(1/1), 41:6(1/0), 40:6(1/0), 42:5(1/0), 43:4(1/0), 42:6(1/0), 43:3(1/0), 43:2(2/0), 44:3(2/1), 41:7(2/0), 42:7(2/0)
4, 63, UNIT_SPEARMAN, 27, 19:15(1/2), 18:15(1/1), 20:14(1/1), 20:15(1/0), 19:14(1/0), 19:16(1/0), 19:13(1/0), 21:14(1/0), 18:14(1/0), 17:15(2/0), 20:13(2/0), 21:15(2/1), 18:13(2/1), 17:14(2/1), 17:13(2/1), 21:13(2/1), 22:14(2/1), 18:16(2/0), 19:17(2/0), 18:17(2/0), 18:12(2/0), 20:12(2/0), 19:12(2/0), 22:16(2/0), 22:15(2/0), 22:13(2/0), 23:14(2/0)
4, 63, UNIT_SCOUT, 21, 23:13(1/3), 23:14(1/2), 22:13(1/2), 24:12(1/1), 23:15(1/1), 22:14(1/1), 22:15(1/1), 21:13(1/1), 21:14(1/0), 21:15(1/0), 22:16(1/0), 24:16(2/0), 23:16(2/0), 20:13(2/0), 20:14(2/2), 20:15(2/1), 19:15(2/1), 19:13(2/1), 19:14(2/0), 18:15(2/0), 18:13(2/0)
4, 63, UNIT_SPEARMAN, 3, 38:43(1/2), 38:42(1/1), 37:42(2/0)
4, 63, UNIT_GALLEY, 15, 36:43(1/3), 35:43(1/2), 37:43(1/2), 38:44(1/1), 34:43(1/1), 34:42(1/0), 38:45(1/0), 39:44(1/0), 39:43(2/2), 40:44(2/2), 39:45(2/2), 39:42(2/1), 41:44(2/1), 39:41(2/0), 38:41(2/0)
4, 63, UNIT_SPEARMAN, 12, 23:42(1/2), 22:41(1/1), 24:42(1/1), 25:42(1/0), 22:40(1/0), 21:41(2/0), 25:43(2/1), 21:40(2/1), 21:39(2/1), 22:39(2/1), 26:42(2/0), 26:43(2/0)
4, 63, UNIT_GALLEY, 8, 23:43(1/3), 22:43(1/2), 24:43(1/2), 25:44(1/1), 22:42(1/1), 26:44(1/0), 21:42(1/0), 20:42(2/2)
4, 63, UNIT_SPEARMAN, 11, 66:28(1/2), 66:27(1/1), 66:26(1/0), 67:26(1/0), 67:27(1/0), 68:27(2/1), 67:25(2/1), 66:25(2/1), 65:25(2/0), 68:26(2/0), 65:26(2/0)
4, 63, UNIT_GALLEY, 18, 66:29(1/3), 65:29(1/2), 67:28(1/2), 67:29(1/2), 67:30(1/2), 65:28(1/1), 64:29(1/1), 68:28(1/1), 68:29(1/1), 69:29(1/0), 69:30(1/0), 63:29(1/0), 69:28(1/0), 65:27(1/0), 64:27(1/0), 64:28(1/0), 64:26(2/2), 63:27(2/2)
5, 0, UNIT_WARRIOR, 12, 54:18(1/2), 54:19(1/1), 55:18(1/0), 53:17(1/0), 53:19(1/0), 54:20(1/0), 54:17(1/0), 54:21(2/1), 54:16(2/0), 52:19(2/0), 53:20(2/0), 53:21(2/0)
5, 1, UNIT_WARRIOR, 26, 42:12(1/2), 41:13(1/1), 41:12(1/1), 43:12(1/1), 42:13(1/0), 42:11(1/0), 41:11(1/0), 43:11(1/0), 44:12(1/0), 42:14(2/0), 40:13(2/0), 41:14(2/0), 40:11(2/0), 40:12(2/0), 43:13(2/0), 43:14(2/1), 43:10(2/1), 44:13(2/1), 44:10(2/1), 44:11(2/1), 45:12(2/0), 42:10(2/0), 41:10(2/0), 45:11(2/0), 44:14(2/0), 43:9(2/0)
5, 2, UNIT_SCOUT, 44, 18:35(1/3), 18:36(1/2), 17:35(1/2), 18:34(1/2), 19:34(1/2), 19:35(1/2), 19:36(1/2), 19:37(1/1), 20:36(1/1), 18:37(1/1), 17:36(1/1), 17:37(1/1), 17:34(1/1), 18:38(1/0), 16:34(1/0), 16:33(1/0), 20:35(1/0), 20:34(1/0), 16:35(1/0), 20:37(1/0), 20:38(1/0), 16:37(2/0), 17:38(2/0), 19:33(2/0), 17:39(2/2), 16:36(2/0), 15:35(2/2), 19:39(2/2), 21:38(2/2), 17:33(2/0), 18:39(2/1), 17:40(2/1), 16:39(2/1), 18:40(2/1), 21:34(2/1), 20:40(2/1), 21:39(2/1), 18:33(2/0), 20:33(2/0), 17:41(2/0), 16:38(2/0), 18:41(2/0), 21:40(2/0), 19:41(2/0)
5, 2, UNIT_WARRIOR, 21, 19:41(1/2), 18:41(1/1), 20:40(1/1), 20:41(1/0), 19:40(1/0), 18:40(1/0), 17:41(1/0), 21:40(1/0), 19:39(1/0), 20:38(2/1), 17:40(2/1), 17:39(2/1), 22:40(2/1), 21:39(2/1), 18:39(2/0), 21:41(2/0), 18:38(2/0), 21:38(2/0), 20:37(2/0), 19:37(2/0), 16:39(2/0)
5, 3, UNIT_SCOUT, 39, 10:23(1/3), 10:24(1/2), 11:22(1/2), 11:23(1/2), 11:24(1/1), 10:22(1/1), 9:23(1/1), 11:21(1/1), 12:22(1/1), 9:25(1/1), 9:24(1/0), 9:21(1/0), 9:22(1/0), 9:26(1/0), 8:25(1/0), 10:25(1/0), 10:21(1/0), 12:24(1/0), 8:23(1/0), 12:21(1/0), 12:20(1/0), 11:20(1/0), 12:23(2/0), 11:25(2/0), 13:22(2/0), 9:27(2/2), 8:26(2/2), 10:26(2/0), 8:24(2/1), 8:27(2/1), 11:26(2/1), 7:23(2/1), 10:27(2/1), 12:25(2/1), 8:22(2/1), 10:20(2/0), 13:24(2/0), 12:26(2/0), 8:28(2/0)
5, 3, UNIT_WARRIOR, 30, 10:24(1/2), 9:25(1/1), 10:23(1/1), 9:24(1/0), 8:25(1/0), 9:26(1/0), 11:24(1/0), 10:25(1/0), 9:23(1/0), 11:22(1/0), 11:23(1/0), 8:23(2/1), 9:27(2/1), 8:26(2/1), 10:26(2/0), 10:22(2/0), 9:22(2/1), 11:21(2/1), 12:22(2/1), 8:24(2/0), 8:27(2/0), 11:25(2/0), 12:24(2/0), 11:26(2/0), 10:27(2/0), 10:21(2/0), 12:23(2/0), 12:21(2/0), 12:20(2/0), 11:20(2/0)
5, 4, UNIT_SCOUT, 24, 16:11(1/3), 16:12(1/2), 15:11(1/1), 16:10(1/1), 15:12(1/0), 14:11(1/0), 16:13(1/0), 15:13(1/0), 16:9(1/0), 15:9(1/0), 13:11(2/2), 14:12(2/2), 15:8(2/2), 17:14(2/2), 17:13(2/2), 14:13(2/1), 13:10(2/1), 13:12(2/1), 16:14(2/1), 14:8(2/1), 15:7(2/1), 14:7(2/1), 13:7(2/0), 13:8(2/0)
5, 4, UNIT_WARRIOR, 13, 11:13(1/2), 11:12(1/1), 12:13(1/0), 12:14(1/0), 11:14(1/0), 12:15(2/1), 13:12(2/1), 14:12(2/0), 13:11(2/0), 13:13(2/0), 11:15(2/0), 10:14(2/0), 12:16(2/0)
5, 5, UNIT_SCOUT, 31, 48:27(1/3), 47:27(1/2), 49:27(1/2), 49:28(1/2), 49:26(1/1), 48:26(1/1), 48:29(1/1), 49:29(1/1), 50:28(1/1), 48:28(1/0), 47:28(1/0), 50:27(1/0), 50:26(1/0), 48:25(1/0), 51:28(1/0), 50:29(1/0), 50:30(1/0), 48:30(2/0), 49:25(2/0), 49:31(2/2), 49:30(2/0), 47:25(2/0), 51:26(2/1), 51:29(2/1), 52:28(2/1), 50:25(2/0), 49:24(2/0), 51:27(2/0), 48:24(2/0), 50:32(2/0), 48:31(2/0)
5, 5, UNIT_WARRIOR, 21, 50:29(1/2), 50:30(1/1), 49:29(1/1), 50:28(1/1), 51:28(1/1), 48:29(1/0), 49:28(1/0), 51:29(1/0), 49:27(1/0), 49:31(1/0), 50:27(2/0), 52:28(2/0), 49:30(2/0), 51:27(2/0), 48:28(2/0), 48:30(2/0), 48:27(2/0), 50:26(2/0), 49:26(2/0), 50:32(2/0), 48:31(2/0)
5, 6, UNIT_SLINGER, 24, 39:15(1/2), 39:16(1/1), 39:14(1/1), 40:14(1/1), 40:15(1/1), 40:16(1/1), 38:15(1/0), 40:17(1/0), 41:15(1/0), 41:16(1/0), 39:17(1/0), 39:13(2/0), 41:14(2/0), 40:13(2/0), 41:18(2/1), 41:17(2/1), 40:18(2/1), 42:16(2/1), 38:16(2/0), 42:15(2/0), 42:14(2/0), 41:19(2/0), 42:18(2/0), 42:17(2/0)
5, 6, UNIT_WARRIOR, 20, 39:14(1/2), 40:14(1/1), 39:15(1/1), 38:15(1/0), 39:16(1/0), 40:16(1/0), 40:15(1/0), 39:13(1/0), 41:15(2/1), 41:16(2/1), 40:17(2/1), 39:17(2/1), 41:14(2/0), 40:13(2/0), 38:16(2/0), 40:12(2/0), 42:16(2/0), 41:17(2/0), 41:18(2/0), 40:18(2/0)
5, 6, UNIT_WARRIOR, 26, 41:17(1/2), 41:18(1/1), 40:17(1/1), 41:16(1/1), 42:16(1/1), 42:17(1/1), 42:18(1/1), 40:16(1/0), 40:15(1/0), 42:19(1/0), 41:19(1/0), 40:18(1/0), 39:17(1/0), 41:15(1/0), 40:14(2/1), 39:16(2/1), 39:15(2/1), 43:16(2/0), 42:15(2/0), 41:20(2/1), 39:14(2/0), 41:14(2/0), 43:20(2/0), 42:20(2/0), 42:14(2/0), 43:17(2/0)
5, 7, UNIT_WARRIOR, 14, 31:28(1/2), 30:28(1/1), 30:27(1/1), 31:29(1/1), 32:28(1/0), 29:27(1/0), 29:28(1/0), 30:26(1/0), 32:29(2/0), 33:28(2/0), 30:25(2/0), 29:26(2/0), 29:25(2/0), 32:30(2/0)
5, 7, UNIT_WARRIOR, 16, 30:22(1/2), 30:23(1/0), 31:22(1/0), 30:21(1/0), 29:21(1/0), 29:22(1/0), 29:23(1/0), 31:24(2/1), 29:24(2/1), 28:23(2/1), 28:22(2/1), 30:20(2/0), 29:20(2/0), 28:24(2/0), 29:25(2/0), 28:25(2/0)
5, 8, UNIT_WARRIOR, 15, 46:25(1/2), 46:24(1/1), 47:24(1/1), 47:25(1/1), 47:26(1/1), 48:24(1/0), 47:23(1/0), 45:25(1/0), 46:26(1/0), 48:25(2/0), 47:27(2/0), 47:22(2/0), 45:26(2/0), 49:24(2/0), 48:26(2/0)
5, 8, UNIT_WARRIOR, 18, 47:26(1/2), 46:25(1/1), 47:25(1/1), 48:24(1/0), 47:24(1/0), 48:26(1/0), 47:27(1/0), 46:26(1/0), 46:24(1/0), 47:23(2/1), 45:25(2/0), 48:25(2/1), 45:26(2/0), 49:24(2/0), 48:27(2/0), 49:26(2/0), 48:28(2/0), 47:28(2/0)
5, 9, UNIT_WARRIOR, 25, 16:26(1/2), 15:27(1/1), 15:26(1/1), 16:28(1/0), 15:25(1/0), 16:25(1/0), 17:26(1/0), 14:26(1/0), 14:25(1/0), 14:27(1/0), 15:28(2/0), 16:29(2/1), 15:24(2/1), 14:28(2/1), 13:27(2/1), 14:24(2/1), 16:24(2/0), 17:25(2/0), 17:24(2/0), 17:27(2/0), 18:26(2/0), 14:23(2/0), 13:25(2/0), 13:26(2/0), 14:29(2/0)
5, 9, UNIT_WARRIOR, 26, 13:27(1/2), 14:26(1/1), 14:27(1/0), 14:28(1/0), 13:26(1/0), 12:27(1/0), 13:28(1/0), 15:26(1/0), 14:25(1/0), 14:29(2/1), 15:27(2/1), 13:25(2/0), 12:28(2/1), 12:26(2/1), 15:24(2/1), 14:24(2/1), 15:28(2/0), 12:25(2/0), 11:27(2/0), 12:29(2/0), 16:28(2/0), 13:29(2/0), 16:26(2/0), 15:25(2/0), 14:30(2/0), 14:23(2/0)
5, 10, UNIT_WARRIOR, 8, 72:15(1/2), 72:14(1/1), 73:15(1/0), 72:16(1/0), 71:13(1/0), 70:13(2/1), 72:17(2/0), 71:17(2/0)
5, 10, UNIT_WARRIOR, 11, 70:13(1/2), 71:13(1/1), 72:14(1/0), 69:13(1/0), 70:14(1/0), 72:15(2/1), 69:15(2/1), 69:14(2/1), 68:13(2/0), 69:16(2/0), 70:16(2/0)
5, 11, UNIT_WARRIOR, 29, 11:30(1/2), 10:31(1/1), 10:30(1/1), 10:29(1/1), 11:29(1/1), 12:30(1/1), 11:31(1/0), 12:31(1/0), 9:31(1/0), 10:32(1/0), 12:28(1/0), 12:32(2/1), 11:32(2/0), 9:30(2/0), 11:28(2/0), 12:29(2/0), 9:33(2/1), 9:32(2/1), 8:31(2/1), 13:30(2/0), 13:32(2/0), 12:33(2/0), 11:33(2/0), 13:31(2/0), 13:28(2/0), 12:27(2/0), 11:27(2/0), 10:33(2/0), 8:30(2/0)
5, 11, UNIT_WARRIOR, 18, 12:34(1/2), 11:35(1/1), 12:33(1/1), 11:33(1/0), 12:32(1/0), 13:32(1/0), 12:35(1/0), 11:34(1/0), 13:31(2/1), 12:31(2/1), 13:33(2/0), 11:32(2/0), 11:31(2/0), 10:33(2/0), 13:36(2/0), 14:30(2/0), 13:30(2/0), 12:30(2/0)
5, 12, UNIT_WARRIOR, 19, 12:19(1/2), 13:18(1/0), 13:20(1/0), 12:18(1/0), 11:19(1/0), 12:20(1/0), 14:18(2/1), 11:21(2/1), 12:21(2/1), 11:20(2/1), 13:17(2/0), 12:17(2/0), 13:21(2/0), 11:18(2/0), 10:19(2/0), 14:20(2/0), 11:17(2/0), 12:22(2/0), 11:22(2/0)
5, 12, UNIT_WARRIOR, 16, 13:15(1/2), 13:16(1/1), 12:15(1/0), 14:14(1/0), 14:16(1/0), 13:17(2/0), 15:16(2/1), 12:17(2/0), 12:16(2/1), 14:17(2/0), 12:14(2/0), 11:15(2/0), 14:13(2/0), 13:13(2/0), 16:16(2/0), 11:16(2/0)
5, 13, UNIT_WARRIOR, 30, 43:18(1/2), 42:19(1/1), 42:17(1/1), 43:19(1/1), 44:18(1/0), 44:20(1/0), 43:17(1/0), 41:19(1/0), 41:17(1/0), 41:18(1/0), 42:16(1/0), 43:20(2/0), 44:19(2/0), 42:20(2/0), 43:16(2/0), 40:18(2/1), 40:17(2/1), 41:16(2/1), 41:20(2/1), 41:15(2/1), 45:18(2/0), 44:17(2/0), 44:16(2/0), 44:21(2/0), 45:20(2/0), 43:21(2/0), 42:15(2/0), 39:17(2/0), 40:16(2/0), 40:15(2/0)
5, 13, UNIT_WARRIOR, 14, 42:21(1/2), 43:20(1/0), 43:21(1/0), 43:22(1/0), 42:20(1/0), 42:22(1/0), 42:19(2/1), 43:19(2/1), 41:20(2/1), 41:19(2/1), 44:20(2/0), 44:22(2/0), 44:21(2/0), 41:18(2/0)
5, 14, UNIT_WARRIOR, 15, 66:22(1/2), 65:22(1/1), 66:21(1/1), 66:23(1/1), 67:22(1/0), 65:21(1/0), 65:23(1/0), 67:23(1/0), 67:20(2/0), 66:20(2/0), 67:24(2/0), 68:22(2/0), 65:20(2/0), 66:24(2/0), 65:24(2/0)
5, 14, UNIT_WARRIOR, 15, 67:23(1/2), 66:23(1/1), 67:22(1/0), 68:22(1/0), 67:24(1/0), 66:21(2/1), 66:22(2/0), 66:25(2/1), 67:25(2/1), 65:23(2/0), 69:22(2/1), 68:21(2/0), 66:24(2/0), 67:26(2/0), 66:26(2/0)
5, 63, UNIT_SPEARMAN, 31, 51:14(1/2), 50:15(1/1), 50:14(1/1), 50:13(1/1), 52:14(1/1), 51:15(1/0), 51:13(1/0), 52:13(1/0), 50:12(1/0), 51:12(1/0), 49:14(1/0), 49:13(1/0), 52:12(2/1), 49:15(2/0), 52:16(2/1), 52:15(2/1), 51:16(2/1), 53:13(2/1), 53:12(2/1), 48:14(2/1), 48:13(2/1), 51:11(2/1), 49:12(2/1), 49:11(2/1), 50:16(2/0), 53:14(2/0), 50:11(2/0), 48:15(2/0), 53:15(2/0), 53:11(2/0), 54:13(2/0)
5, 63, UNIT_SCOUT, 23, 54:16(1/3), 53:15(1/2), 54:15(1/1), 54:17(1/1), 53:16(1/1), 52:15(1/1), 53:14(1/1), 54:14(1/1), 53:17(1/0), 52:16(1/0), 51:15(1/0), 54:18(2/0), 52:17(2/0), 51:16(2/2), 52:14(2/0), 53:13(2/0), 52:13(2/0), 54:13(2/0), 50:16(2/1), 51:17(2/0), 51:14(2/0), 50:15(2/0), 50:17(2/0)
5, 63, UNIT_SPEARMAN, 21, 10:17(1/2), 10:16(1/1), 11:16(1/1), 11:17(1/0), 11:18(1/0), 9:17(1/0), 10:18(1/0), 12:16(1/0), 9:15(1/0), 9:16(2/0), 11:15(2/0), 12:15(2/1), 12:17(2/0), 9:18(2/0), 12:18(2/0), 11:19(2/0), 10:19(2/0), 8:17(2/0), 9:19(2/0), 13:16(2/0), 10:14(2/0)
5, 63, UNIT_SCOUT, 30, 13:22(1/3), 12:22(1/2), 12:21(1/2), 14:22(1/2), 13:23(1/2), 13:21(1/1), 14:24(1/1), 14:21(1/1), 15:22(1/1), 14:23(1/1), 11:23(1/1), 11:22(1/1), 11:21(1/1), 12:23(1/0), 10:23(1/0), 16:22(1/0), 15:21(1/0), 15:24(1/0), 14:25(1/0), 12:20(1/0), 13:24(2/0), 13:25(2/0), 15:23(2/0), 12:24(2/0), 11:24(2/0), 10:22(2/0), 10:21(2/0), 14:20(2/0), 13:20(2/0), 15:20(2/0)
5, 63, UNIT_SPEARMAN, 16, 43:4(1/2), 42:4(1/1), 42:3(1/1), 43:3(1/1), 42:5(1/0), 41:3(1/0), 41:5(1/0), 42:2(1/0), 41:4(2/0), 43:2(2/0), 44:3(2/0), 40:5(2/1), 41:2(2/1), 42:6(2/0), 41:6(2/0), 40:4(2/0)
5, 63, UNIT_SCOUT, 17, 40:6(1/3), 40:5(1/2), 41:6(1/1), 40:4(1/1), 41:5(1/1), 41:4(1/0), 42:4(1/0), 42:6(2/0), 42:5(2/0), 41:3(2/2), 42:3(2/2), 41:7(2/0), 43:4(2/1), 42:2(2/1), 41:2(2/1), 43:3(2/1), 43:2(2/0)
5, 63, UNIT_SPEARMAN, 27, 19:15(1/2), 18:15(1/1), 20:14(1/1), 20:15(1/0), 19:14(1/0), 19:16(1/0), 19:13(1/0), 21:14(1/0), 18:14(1/0), 17:15(2/0), 20:13(2/0), 21:15(2/1), 18:13(2/1), 17:14(2/1), 17:13(2/1), 21:13(2/1), 22:14(2/1), 18:16(2/0), 19:17(2/0), 18:17(2/0), 18:12(2/0), 20:12(2/0), 19:12(2/0), 22:16(2/0), 22:15(2/0), 22:13(2/0), 23:14(2/0)
5, 63, UNIT_SCOUT, 28, 22:16(1/3), 21:15(1/2), 22:15(1/2), 23:16(1/1), 23:14(1/1), 23:15(1/1), 22:14(1/1), 21:14(1/1), 20:15(1/0), 20:14(1/0), 23:13(1/0), 22:13(1/0), 21:13(1/0), 23:17(2/0), 24:16(2/0), 20:13(2/0), 19:15(2/2), 19:13(2/2), 19:14(2/1), 24:12(2/1), 18:15(2/1), 18:13(2/1), 19:16(2/0), 20:12(2/0), 19:12(2/0), 18:14(2/0), 18:12(2/0), 17:13(2/0)
5, 63, UNIT_SPEARMAN, 3, 38:43(1/2), 38:42(1/1), 37:42(2/0)
5, 63, UNIT_GALLEY, 14, 34:42(1/3), 33:41(1/2), 34:43(1/2), 35:43(1/1), 33:40(1/1), 32:41(1/1), 33:39(1/0), 32:39(1/0), 32:40(1/0), 36:43(1/0), 37:43(2/2), 38:44(2/1), 39:44(2/0), 38:45(2/0)
5, 63, UNIT_SPEARMAN, 12, 23:42(1/2), 22:41(1/1), 24:42(1/1), 25:42(1/0), 22:40(1/0), 21:41(2/0), 25:43(2/1), 21:40(2/1), 21:39(2/1), 22:39(2/1), 26:42(2/0), 26:43(2/0)
5, 63, UNIT_GALLEY, 10, 21:42(1/3), 20:42(1/2), 22:42(1/2), 22:43(1/1), 19:42(1/1), 18:42(1/0), 23:43(1/0), 24:43(2/2), 25:44(2/1), 26:44(2/0)
5, 63, UNIT_SPEARMAN, 11, 66:28(1/2), 66:27(1/1), 66:26(1/0), 67:26(1/0), 67:27(1/0), 68:27(2/1), 67:25(2/1), 66:25(2/1), 65:25(2/0), 68:26(2/0), 65:26(2/0)
5, 63, UNIT_GALLEY, 18, 66:29(1/3), 65:29(1/2), 67:28(1/2), 67:29(1/2), 67:30(1/2), 65:28(1/1), 64:29(1/1), 68:28(1/1), 68:29(1/1), 69:29(1/0), 69:30(1/0), 63:29(1/0), 69:28(1/0), 65:27(1/0), 64:27(1/0), 64:28(1/0), 64:26(2/2), 63:27(2/2)
5, 63, UNIT_SPEARMAN, 23, 49:36(1/2), 48:37(1/1), 48:35(1/1), 49:35(1/1), 50:36(1/1), 49:37(1/0), 48:36(1/0), 50:34(1/0), 50:35(1/0), 49:38(1/0), 47:37(1/0), 48:34(1/0), 48:38(2/0), 49:34(2/0), 50:37(2/0), 47:36(2/1), 46:37(2/1), 51:34(2/1), 50:33(2/1), 47:35(2/0), 51:35(2/0), 47:38(2/0), 47:34(2/0)
5, 63, UNIT_SCOUT, 23, 49:37(1/3), 49:38(1/2), 48:37(1/2), 49:36(1/2), 50:36(1/2), 50:37(1/1), 50:35(1/1), 48:35(1/1), 49:35(1/1), 47:37(1/1), 46:37(1/0), 47:36(1/0), 48:38(1/0), 48:36(1/0), 51:34(1/0), 50:34(1/0), 48:34(1/0), 47:38(2/0), 51:35(2/0), 49:34(2/0), 50:33(2/2), 47:35(2/0), 47:34(2/1)
6, 0, UNIT_BUILDER, 26, 54:19(1/2), 54:20(1/1), 53:19(1/1), 55:19(1/1), 55:20(1/1), 55:18(1/0), 54:18(1/0), 55:21(1/0), 56:18(1/0), 54:21(1/0), 53:20(2/0), 52:19(2/0), 57:18(2/1), 55:22(2/1), 56:22(2/1), 55:17(2/1), 56:17(2/1), 53:21(2/0), 53:17(2/0), 54:17(2/0), 54:22(2/0), 58:18(2/0), 55:23(2/0), 54:23(2/0), 56:16(2/0), 55:16(2/0)
6, 0, UNIT_WARRIOR, 10, 53:17(1/2), 54:18(1/0), 54:17(1/0), 54:16(1/0), 53:16(1/0), 52:17(1/0), 54:19(2/1), 55:18(2/0), 53:19(2/0), 54:20(2/0)
6, 1, UNIT_WARRIOR, 32, 42:13(1/2), 41:13(1/1), 43:12(1/1), 43:14(1/1), 43:13(1/0), 42:12(1/0), 42:14(1/0), 44:14(1/0), 41:12(1/0), 44:12(1/0), 43:11(1/0), 41:15(2/1), 40:13(2/0), 41:14(2/0), 42:11(2/0), 42:15(2/0), 44:13(2/1), 43:10(2/1), 44:10(2/1), 44:11(2/1), 44:15(2/1), 43:15(2/0), 45:12(2/0), 41:11(2/0), 42:16(2/0), 40:15(2/0), 41:16(2/0), 45:11(2/0), 45:14(2/0), 40:11(2/0), 40:12(2/0), 43:9(2/0)
6, 2, UNIT_SCOUT, 42, 16:34(1/3), 15:35(1/2), 16:33(1/2), 17:34(1/2), 16:35(1/1), 15:33(1/1), 15:34(1/1), 18:34(1/1), 17:35(1/1), 15:36(1/1), 15:32(1/0), 17:36(1/0), 16:36(1/0), 16:32(1/0), 18:36(1/0), 19:34(1/0), 18:35(1/0), 14:36(2/0), 14:35(2/0), 17:37(2/2), 14:37(2/0), 15:37(2/0), 15:31(2/2), 16:31(2/2), 19:35(2/2), 19:36(2/2), 18:37(2/2), 17:33(2/0), 17:32(2/0), 16:37(2/1), 18:38(2/1), 20:34(2/1), 19:37(2/1), 20:36(2/1), 17:38(2/0), 17:39(2/0), 19:33(2/0), 18:33(2/0), 16:38(2/0), 20:35(2/0), 20:38(2/0), 20:37(2/0)
6, 2, UNIT_WARRIOR, 30, 19:39(1/2), 20:38(1/1), 20:40(1/1), 18:39(1/0), 19:40(1/0), 19:41(1/0), 21:40(1/0), 21:38(1/0), 20:37(1/0), 19:37(1/0), 18:40(2/1), 17:39(2/1), 18:38(2/1), 18:41(2/1), 18:37(2/1), 19:36(2/1), 20:36(2/1), 21:39(2/1), 22:40(2/1), 20:41(2/0), 17:37(2/0), 17:40(2/0), 17:41(2/0), 16:39(2/0), 21:41(2/0), 22:39(2/0), 22:41(2/0), 18:36(2/0), 19:35(2/0), 18:35(2/0)
6, 2, UNIT_SCOUT, 46, 18:38(1/3), 17:39(1/2), 17:37(1/2), 18:37(1/2), 18:39(1/1), 17:38(1/1), 19:36(1/1), 19:37(1/1), 18:40(1/1), 16:39(1/1), 17:40(1/1), 18:36(1/1), 17:36(1/1), 16:37(1/0), 16:38(1/0), 19:39(1/0), 17:35(1/0), 17:41(1/0), 18:41(1/0), 20:37(1/0), 20:38(1/0), 18:35(1/0), 19:35(1/0), 20:36(1/0), 16:35(2/0), 16:36(2/0), 15:38(2/2), 20:40(2/2), 18:34(2/2), 17:34(2/2), 19:41(2/2), 21:38(2/2), 19:34(2/2), 15:37(2/1), 19:40(2/0), 21:40(2/1), 20:35(2/1), 20:34(2/1), 21:39(2/1), 16:34(2/1), 16:33(2/1), 15:36(2/0), 14:37(2/0), 22:40(2/0), 22:39(2/0), 15:35(2/0)
6, 3, UNIT_SCOUT, 44, 9:24(1/3), 8:25(1/2), 8:23(1/2), 10:24(1/2), 9:25(1/2), 9:23(1/1), 8:24(1/1), 10:23(1/1), 9:26(1/1), 8:26(1/1), 9:22(1/1), 8:22(1/0), 7:23(1/0), 10:25(1/0), 11:24(1/0), 10:26(1/0), 8:21(1/0), 9:21(1/0), 11:23(1/0), 11:22(1/0), 9:27(1/0), 10:22(2/0), 7:24(2/0), 10:27(2/2), 8:27(2/0), 11:21(2/2), 12:22(2/2), 11:26(2/1), 11:25(2/1), 12:24(2/1), 7:22(2/1), 10:21(2/1), 8:20(2/1), 11:20(2/1), 12:20(2/1), 12:21(2/1), 7:21(2/0), 9:20(2/0), 10:20(2/0), 12:26(2/0), 12:23(2/0), 11:28(2/0), 11:27(2/0), 13:22(2/0)
6, 3, UNIT_WARRIOR, 34, 9:23(1/2), 8:23(1/1), 9:22(1/1), 10:23(1/1), 10:24(1/1), 9:24(1/0), 9:25(1/0), 10:22(1/0), 9:21(1/0), 8:21(1/0), 11:23(1/0), 11:22(1/0), 8:24(2/0), 8:25(2/1), 9:26(2/1), 8:22(2/0), 7:23(2/0), 11:24(2/0), 10:25(2/0), 11:21(2/1), 12:22(2/1), 8:26(2/0), 10:26(2/0), 10:21(2/0), 10:20(2/0), 9:20(2/0), 8:20(2/0), 7:21(2/0), 9:27(2/0), 12:24(2/0), 12:23(2/0), 12:21(2/0), 12:20(2/0), 11:20(2/0)
6, 4, UNIT_SCOUT, 30, 16:13(1/3), 16:12(1/2), 17:13(1/2), 17:14(1/2), 15:13(1/1), 16:14(1/1), 18:12(1/1), 18:13(1/1), 18:14(1/1), 16:11(1/1), 15:11(1/0), 15:12(1/0), 17:15(1/0), 16:15(1/0), 19:13(1/0), 18:15(1/0), 14:11(2/2), 14:12(2/2), 14:13(2/0), 15:15(2/0), 19:12(2/0), 19:14(2/0), 18:11(2/0), 16:10(2/0), 13:12(2/1), 13:11(2/1), 13:10(2/0), 18:16(2/0), 17:16(2/0), 16:16(2/0)
6, 4, UNIT_WARRIOR, 12, 11:14(1/2), 10:14(1/0), 11:13(1/0), 12:14(1/0), 11:15(1/0), 11:16(2/1), 12:16(2/1), 12:15(2/1), 11:12(2/1), 9:15(2/1), 12:13(2/0), 10:16(2/0)
6, 5, UNIT_SCOUT, 30, 50:26(1/3), 49:27(1/2), 49:26(1/1), 49:25(1/1), 51:26(1/1), 50:27(1/1), 49:28(1/1), 50:28(1/1), 50:25(1/0), 48:29(1/0), 49:29(1/0), 51:28(1/0), 48:27(1/0), 48:25(1/0), 50:29(1/0), 50:24(2/0), 48:26(2/0), 50:30(2/2), 48:28(2/0), 49:24(2/0), 51:27(2/0), 48:30(2/1), 51:29(2/1), 52:28(2/1), 49:31(2/1), 49:30(2/0), 47:28(2/0), 48:24(2/0), 47:25(2/0), 47:31(2/0)
6, 5, UNIT_WARRIOR, 24, 49:27(1/2), 49:28(1/1), 50:28(1/1), 48:29(1/0), 49:29(1/0), 50:27(1/0), 50:26(1/0), 49:26(1/0), 48:27(1/0), 51:28(1/0), 50:29(1/0), 50:30(2/1), 48:25(2/1), 48:28(2/0), 49:30(2/0), 48:30(2/0), 51:27(2/0), 51:26(2/0), 50:25(2/0), 49:25(2/0), 48:26(2/0), 49:31(2/0), 51:29(2/0), 52:28(2/0)
6, 5, UNIT_SLINGER, 20, 48:29(1/2), 49:28(1/1), 49:29(1/1), 49:30(1/0), 48:28(1/0), 48:30(1/0), 50:29(1/0), 50:30(1/0), 50:28(1/0), 49:27(1/0), 47:31(2/1), 49:31(2/1), 48:27(2/0), 51:28(2/1), 47:28(2/0), 48:31(2/0), 51:29(2/0), 50:27(2/0), 50:26(2/0), 49:26(2/0)
6, 6, UNIT_SLINGER, 27, 40:16(1/2), 39:17(1/1), 39:16(1/1), 39:15(1/1), 40:15(1/1), 41:16(1/1), 40:17(1/1), 39:14(1/0), 40:14(1/0), 41:18(1/0), 42:16(1/0), 41:17(1/0), 41:15(1/0), 40:18(1/0), 38:15(2/0), 41:14(2/0), 42:17(2/1), 42:18(2/1), 41:19(2/1), 38:16(2/0), 39:13(2/0), 40:13(2/0), 43:16(2/0), 42:15(2/0), 42:14(2/0), 42:19(2/0), 41:20(2/0)
6, 6, UNIT_WARRIOR, 24, 39:15(1/2), 39:16(1/1), 39:14(1/1), 40:14(1/1), 40:15(1/1), 40:16(1/1), 38:15(1/0), 40:17(1/0), 41:15(1/0), 41:16(1/0), 39:17(1/0), 39:13(2/0), 41:14(2/0), 40:13(2/0), 41:18(2/1), 41:17(2/1), 40:18(2/1), 42:16(2/1), 38:16(2/0), 42:15(2/0), 42:14(2/0), 41:19(2/0), 42:18(2/0), 42:17(2/0)
6, 6, UNIT_WARRIOR, 24, 42:18(1/2), 41:19(1/1), 41:18(1/1), 41:17(1/1), 42:17(1/1), 42:19(1/1), 43:18(1/0), 41:20(1/0), 40:17(1/0), 40:18(1/0), 42:16(1/0), 41:16(1/0), 43:20(2/0), 43:16(2/0), 40:15(2/1), 41:15(2/1), 39:17(2/1), 40:16(2/1), 44:18(2/0), 43:17(2/0), 40:14(2/0), 39:15(2/0), 39:16(2/0), 42:15(2/0)
6, 7, UNIT_WARRIOR, 15, 32:28(1/2), 31:29(1/1), 31:28(1/0), 33:28(1/0), 32:29(1/0), 30:28(2/1), 30:27(2/1), 33:29(2/0), 34:28(2/0), 33:27(2/0), 33:30(2/0), 32:30(2/0), 29:27(2/0), 29:28(2/0), 30:26(2/0)
6, 7, UNIT_WARRIOR, 14, 29:21(1/2), 29:22(1/0), 29:20(1/0), 30:20(1/0), 30:21(1/0), 30:22(1/0), 28:23(2/1), 28:22(2/1), 30:23(2/0), 29:23(2/0), 30:19(2/0), 31:22(2/0), 28:24(2/0), 29:24(2/0)
6, 8, UNIT_WARRIOR, 16, 48:24(1/2), 47:25(1/1), 47:24(1/1), 47:23(1/1), 49:24(1/0), 46:24(1/0), 47:26(1/0), 46:25(1/0), 47:22(2/0), 50:24(2/0), 49:25(2/0), 49:26(2/0), 48:26(2/0), 45:25(2/0), 47:27(2/0), 46:26(2/0)
6, 8, UNIT_WARRIOR, 15, 47:27(1/2), 47:28(1/0), 47:26(1/0), 48:26(1/0), 48:27(1/0), 48:28(1/0), 47:25(2/1), 46:25(2/1), 49:27(2/1), 49:28(2/1), 48:24(2/0), 47:24(2/0), 46:26(2/0), 49:26(2/0), 46:24(2/0)
6, 9, UNIT_WARRIOR, 24, 14:25(1/2), 14:26(1/1), 14:24(1/1), 15:24(1/1), 15:26(1/1), 15:27(1/0), 15:25(1/0), 13:25(1/0), 14:27(1/0), 13:27(1/0), 14:23(1/0), 16:28(2/1), 13:26(2/0), 14:28(2/1), 16:26(2/0), 15:28(2/0), 16:29(2/0), 16:25(2/0), 16:24(2/0), 13:24(2/0), 12:25(2/0), 12:27(2/0), 13:28(2/0), 14:29(2/0)
6, 9, UNIT_WARRIOR, 28, 13:26(1/2), 12:26(1/1), 14:26(1/1), 13:27(1/1), 13:25(1/0), 12:25(1/0), 12:27(1/0), 14:27(1/0), 15:26(1/0), 14:25(1/0), 12:28(2/1), 11:25(2/0), 11:26(2/0), 11:27(2/0), 13:28(2/0), 14:24(2/1), 15:24(2/1), 15:27(2/1), 14:28(2/1), 15:28(2/0), 13:24(2/0), 12:24(2/0), 11:29(2/0), 16:28(2/0), 16:26(2/0), 15:25(2/0), 14:23(2/0), 14:29(2/0)
6, 10, UNIT_WARRIOR, 8, 72:14(1/2), 71:13(1/1), 72:15(1/1), 70:13(1/0), 73:15(2/0), 72:16(2/0), 69:13(2/0), 70:14(2/0)
6, 10, UNIT_WARRIOR, 8, 71:13(1/2), 70:13(1/1), 72:14(1/1), 72:15(1/0), 69:13(2/0), 70:14(2/0), 73:15(2/0), 72:16(2/0)
6, 11, UNIT_WARRIOR, 26, 10:29(1/2), 10:30(1/1), 11:29(1/1), 11:30(1/0), 11:28(1/0), 12:28(1/0), 12:30(1/0), 10:31(1/0), 9:31(1/0), 10:27(2/1), 9:30(2/0), 12:29(2/0), 9:32(2/1), 8:31(2/1), 10:32(2/1), 12:31(2/1), 11:31(2/0), 11:27(2/0), 11:32(2/0), 13:28(2/0), 12:27(2/0), 12:32(2/0), 13:30(2/0), 9:27(2/0), 9:33(2/0), 8:30(2/0)
6, 11, UNIT_WARRIOR, 29, 12:32(1/2), 11:33(1/1), 12:31(1/1), 13:32(1/1), 12:33(1/1), 11:31(1/0), 11:32(1/0), 12:30(1/0), 11:34(1/0), 13:31(1/0), 12:34(1/0), 10:32(2/1), 10:31(2/1), 13:33(2/0), 14:30(2/1), 11:29(2/1), 13:30(2/1), 11:35(2/1), 10:33(2/0), 11:30(2/0), 9:31(2/0), 9:32(2/0), 9:33(2/0), 10:30(2/0), 12:29(2/0), 12:35(2/0), 14:29(2/0), 12:28(2/0), 10:29(2/0)
6, 12, UNIT_WARRIOR, 22, 12:20(1/2), 11:21(1/1), 11:20(1/1), 12:21(1/1), 13:20(1/0), 12:19(1/0), 11:19(1/0), 12:22(1/0), 11:22(1/0), 13:21(2/0), 13:22(2/0), 10:21(2/0), 10:23(2/1), 11:23(2/1), 13:18(2/0), 11:18(2/0), 14:20(2/0), 12:18(2/0), 10:19(2/0), 12:23(2/0), 10:22(2/0), 10:20(2/0)
6, 12, UNIT_WARRIOR, 13, 14:14(1/2), 13:15(1/0), 13:13(1/0), 14:13(1/0), 14:12(2/1), 13:16(2/1), 13:12(2/1), 12:13(2/0), 14:16(2/0), 12:15(2/0), 15:13(2/0), 15:12(2/0), 13:11(2/0)
6, 13, UNIT_WARRIOR, 25, 43:19(1/2), 42:19(1/1), 44:20(1/1), 44:19(1/0), 44:18(1/0), 43:18(1/0), 43:20(1/0), 42:18(1/0), 41:19(1/0), 42:17(2/1), 42:20(2/0), 44:21(2/0), 45:20(2/0), 41:20(2/1), 41:17(2/1), 45:19(2/0), 45:18(2/0), 44:17(2/0), 43:17(2/0), 43:21(2/0), 42:21(2/0), 42:16(2/0), 40:17(2/0), 40:18(2/0), 41:16(2/0)
6, 13, UNIT_WARRIOR, 23, 42:20(1/2), 41:20(1/1), 41:19(1/1), 42:19(1/1), 43:20(1/0), 43:19(1/0), 42:21(1/0), 42:18(1/0), 43:18(2/0), 44:20(2/1), 40:18(2/1), 40:17(2/1), 41:17(2/1), 42:17(2/1), 44:19(2/0), 44:18(2/0), 43:21(2/0), 43:22(2/0), 42:22(2/0), 39:17(2/0), 40:16(2/0), 41:16(2/0), 42:16(2/0)
6, 14, UNIT_WARRIOR, 16, 65:21(1/2), 65:22(1/1), 66:21(1/1), 66:22(1/0), 66:20(1/0), 65:20(1/0), 66:19(2/1), 67:20(2/0), 66:23(2/1), 64:20(2/1), 64:19(2/1), 65:23(2/0), 67:22(2/0), 65:19(2/0), 67:19(2/0), 67:23(2/0)
6, 14, UNIT_WARRIOR, 15, 67:22(1/2), 66:23(1/1), 66:21(1/1), 67:23(1/1), 66:22(1/0), 68:22(1/0), 65:22(2/1), 67:20(2/0), 66:20(2/0), 65:21(2/0), 65:23(2/0), 69:22(2/1), 67:24(2/0), 68:21(2/0), 66:24(2/0)
6, 63, UNIT_SPEARMAN, 31, 51:14(1/2), 50:15(1/1), 50:14(1/1), 50:13(1/1), 52:14(1/1), 51:15(1/0), 51:13(1/0), 52:13(1/0), 50:12(1/0), 51:12(1/0), 49:14(1/0), 49:13(1/0), 52:12(2/1), 49:15(2/0), 52:16(2/1), 52:15(2/1), 51:16(2/1), 53:13(2/1), 53:12(2/1), 48:14(2/1), 48:13(2/1), 51:11(2/1), 49:12(2/1), 49:11(2/1), 50:16(2/0), 53:14(2/0), 50:11(2/0), 48:15(2/0), 53:15(2/0), 53:11(2/0), 54:13(2/0)
6, 63, UNIT_SCOUT, 24, 53:16(1/3), 52:16(1/2), 52:15(1/2), 53:15(1/2), 52:17(1/1), 54:14(1/1), 53:14(1/1), 51:16(1/1), 51:15(1/1), 54:16(1/0), 53:17(1/0), 54:15(1/0), 50:16(1/0), 51:17(2/0), 52:14(2/0), 50:17(2/0), 54:13(2/0), 53:13(2/0), 52:13(2/0), 50:15(2/0), 51:14(2/0), 49:16(2/0), 49:17(2/0), 49:15(2/0)
6, 63, UNIT_SPEARMAN, 21, 10:17(1/2), 10:16(1/1), 11:16(1/1), 11:17(1/0), 11:18(1/0), 9:17(1/0), 10:18(1/0), 12:16(1/0), 9:15(1/0), 9:16(2/0), 11:15(2/0), 12:15(2/1), 12:17(2/0), 9:18(2/0), 12:18(2/0), 11:19(2/0), 10:19(2/0), 8:17(2/0), 9:19(2/0), 13:16(2/0), 10:14(2/0)
6, 63, UNIT_SCOUT, 41, 14:23(1/3), 14:24(1/2), 13:23(1/2), 14:22(1/2), 15:22(1/2), 15:24(1/2), 15:23(1/1), 15:21(1/1), 16:22(1/1), 14:21(1/1), 14:25(1/1), 14:26(1/0), 15:26(1/0), 13:25(1/0), 13:22(1/0), 13:21(1/0), 15:25(1/0), 16:24(1/0), 16:23(1/0), 13:24(2/0), 12:23(2/0), 12:22(2/2), 12:21(2/2), 17:22(2/0), 16:20(2/0), 17:23(2/1), 12:25(2/1), 13:26(2/1), 16:25(2/1), 17:24(2/1), 12:20(2/1), 11:23(2/1), 11:22(2/1), 11:21(2/1), 16:21(2/0), 15:20(2/0), 14:20(2/0), 16:26(2/0), 13:20(2/0), 10:23(2/0), 11:20(2/0)
6, 63, UNIT_SPEARMAN, 16, 43:4(1/2), 42:4(1/1), 42:3(1/1), 43:3(1/1), 42:5(1/0), 41:3(1/0), 41:5(1/0), 42:2(1/0), 41:4(2/0), 43:2(2/0), 44:3(2/0), 40:5(2/1), 41:2(2/1), 42:6(2/0), 41:6(2/0), 40:4(2/0)
6, 63, UNIT_SCOUT, 23, 41:6(1/3), 40:5(1/2), 41:5(1/2), 40:6(1/1), 42:6(1/1), 42:4(1/1), 40:4(1/1), 41:7(1/0), 41:4(1/0), 42:5(1/0), 41:3(1/0), 42:3(1/0), 41:8(2/2), 43:4(2/0), 43:3(2/2), 41:2(2/2), 42:2(2/2), 42:8(2/1), 40:9(2/1), 43:2(2/1), 42:7(2/0), 41:9(2/0), 44:3(2/0)
6, 63, UNIT_SPEARMAN, 26, 19:15(1/2), 18:15(1/1), 20:14(1/1), 20:15(1/0), 19:14(1/0), 19:16(1/0), 19:13(1/0), 21:14(1/0), 17:15(2/0), 20:13(2/0), 21:15(2/1), 18:13(2/1), 18:14(2/1), 21:13(2/1), 22:14(2/1), 19:17(2/0), 18:16(2/0), 18:17(2/0), 18:12(2/0), 20:12(2/0), 19:12(2/0), 22:16(2/0), 22:15(2/0), 17:13(2/0), 22:13(2/0), 23:14(2/0)
6, 63, UNIT_SCOUT, 27, 23:15(1/3), 22:15(1/2), 23:14(1/2), 24:16(1/1), 23:16(1/1), 22:14(1/1), 21:15(1/1), 22:16(1/1), 23:13(1/1), 22:13(1/1), 25:16(1/0), 21:13(1/0), 21:14(1/0), 24:17(2/0), 23:17(2/0), 25:15(2/2), 20:15(2/0), 24:12(2/0), 20:14(2/2), 25:17(2/1), 26:16(2/1), 20:13(2/1), 19:15(2/1), 19:13(2/1), 19:14(2/0), 18:15(2/0), 18:13(2/0)
6, 63, UNIT_SPEARMAN, 3, 38:43(1/2), 38:42(1/1), 37:42(2/0)
6, 63, UNIT_GALLEY, 15, 32:40(1/3), 31:40(1/2), 31:39(1/2), 32:39(1/2), 33:40(1/2), 32:41(1/2), 30:39(1/1), 33:39(1/1), 33:38(1/1), 33:41(1/1), 29:39(1/0), 34:42(1/0), 34:43(2/2), 35:43(2/1), 36:43(2/0)
6, 63, UNIT_SPEARMAN, 12, 23:42(1/2), 22:41(1/1), 24:42(1/1), 25:42(1/0), 22:40(1/0), 21:41(2/0), 25:43(2/1), 21:40(2/1), 21:39(2/1), 22:39(2/1), 26:42(2/0), 26:43(2/0)
6, 63, UNIT_GALLEY, 10, 18:42(1/3), 17:42(1/2), 19:42(1/2), 20:42(1/1), 16:41(1/1), 16:40(1/0), 21:42(1/0), 22:42(2/2), 22:43(2/1), 23:43(2/0)
6, 63, UNIT_SPEARMAN, 11, 66:28(1/2), 66:27(1/1), 66:26(1/0), 67:26(1/0), 67:27(1/0), 68:27(2/1), 67:25(2/1), 66:25(2/1), 65:25(2/0), 65:26(2/0), 68:26(2/0)
6, 63, UNIT_GALLEY, 25, 69:28(1/3), 68:29(1/2), 68:28(1/2), 69:27(1/2), 70:28(1/2), 69:29(1/2), 70:30(1/1), 69:30(1/1), 67:29(1/1), 67:28(1/1), 70:27(1/1), 70:26(1/1), 71:27(1/0), 71:26(1/0), 69:31(1/0), 68:31(1/0), 66:29(1/0), 67:30(1/0), 65:29(2/2), 65:28(2/1), 64:29(2/1), 63:29(2/0), 65:27(2/0), 64:27(2/0), 64:28(2/0)
6, 63, UNIT_SPEARMAN, 23, 49:36(1/2), 48:37(1/1), 48:35(1/1), 49:35(1/1), 50:36(1/1), 49:37(1/0), 48:36(1/0), 50:34(1/0), 50:35(1/0), 49:38(1/0), 47:37(1/0), 48:34(1/0), 48:38(2/0), 49:34(2/0), 50:37(2/0), 47:36(2/1), 46:37(2/1), 51:34(2/1), 50:33(2/1), 47:35(2/0), 51:35(2/0), 47:38(2/0), 47:34(2/0)
6, 63, UNIT_SCOUT, 23, 49:37(1/3), 49:38(1/2), 48:37(1/2), 49:36(1/2), 50:36(1/2), 50:37(1/1), 50:35(1/1), 48:35(1/1), 49:35(1/1), 47:37(1/1), 46:37(1/0), 47:36(1/0), 48:38(1/0), 48:36(1/0), 51:34(1/0), 50:34(1/0), 48:34(1/0), 47:38(2/0), 51:35(2/0), 49:34(2/0), 50:33(2/2), 47:35(2/0), 47:34(2/1)
6, 63, UNIT_SPEARMAN, 24, 6:32(1/2), 5:33(1/1), 5:32(1/1), 6:31(1/1), 6:33(1/1), 5:31(1/0), 7:34(1/0), 6:34(1/0), 4:33(1/0), 5:34(1/0), 4:31(1/0), 4:32(1/0), 7:30(1/0), 6:30(2/0), 8:34(2/1), 6:35(2/1), 5:35(2/1), 8:30(2/1), 3:32(2/1), 3:31(2/1), 3:33(2/1), 4:34(2/1), 4:35(2/0), 7:29(2/0)
6, 63, UNIT_SCOUT, 25, 6:33(1/3), 6:34(1/2), 5:33(1/2), 7:34(1/2), 6:32(1/1), 6:35(1/1), 5:34(1/1), 5:35(1/1), 5:32(1/1), 4:33(1/1), 8:34(1/1), 6:31(1/0), 4:34(1/0), 3:33(1/0), 4:31(1/0), 4:32(1/0), 5:31(2/0), 4:35(2/0), 8:33(2/0), 7:30(2/2), 3:32(2/2), 3:31(2/2), 6:30(2/1), 8:30(2/1), 7:29(2/0)
6, 63, UNIT_GALLEY, 20, 39:44(1/3), 38:45(1/2), 38:44(1/2), 39:43(1/2), 40:44(1/2), 39:45(1/2), 37:43(1/1), 39:42(1/1), 41:44(1/1), 36:43(1/0), 39:41(1/0), 38:41(1/0), 37:41(2/2), 35:43(2/2), 40:40(2/2), 39:40(2/2), 38:40(2/2), 34:43(2/1), 37:40(2/1), 34:42(2/0)
7, 0, UNIT_BUILDER, 24, 54:18(1/2), 54:19(1/1), 55:18(1/0), 53:17(1/0), 53:19(1/0), 55:20(1/0), 55:19(1/0), 54:20(1/0), 54:17(1/0), 55:21(2/1), 56:18(2/1), 54:21(2/1), 55:17(2/0), 54:16(2/0), 53:16(2/0), 52:17(2/0), 52:19(2/0), 53:20(2/0), 53:21(2/0), 56:17(2/0), 55:16(2/0), 56:22(2/0), 55:22(2/0), 57:18(2/0)
7, 0, UNIT_WARRIOR, 20, 53:17(1/2), 54:18(1/0), 54:17(1/0), 54:16(1/0), 53:16(1/0), 52:17(1/0), 54:19(2/1), 52:16(2/1), 52:15(2/1), 53:15(2/1), 55:18(2/0), 53:19(2/0), 54:20(2/0), 54:15(2/0), 51:17(2/0), 52:18(2/0), 51:15(2/0), 51:16(2/0), 53:14(2/0), 54:14(2/0)
7, 1, UNIT_WARRIOR, 34, 42:14(1/2), 41:15(1/1), 41:13(1/1), 43:14(1/1), 42:15(1/0), 42:13(1/0), 41:14(1/0), 44:14(1/0), 42:16(1/0), 40:15(1/0), 41:16(1/0), 41:12(1/0), 40:14(2/1), 43:12(2/1), 42:12(2/0), 40:13(2/0), 43:13(2/0), 40:16(2/1), 44:13(2/1), 40:17(2/1), 41:17(2/1), 42:17(2/1), 44:15(2/1), 43:15(2/0), 44:12(2/0), 43:16(2/0), 45:14(2/0), 41:11(2/0), 40:11(2/0), 40:12(2/0), 39:14(2/0), 43:11(2/0), 39:17(2/0), 39:16(2/0)
7, 2, UNIT_SCOUT, 44, 16:32(1/3), 15:32(1/2), 15:31(1/2), 16:31(1/2), 16:33(1/2), 17:32(1/1), 15:33(1/1), 16:34(1/1), 17:34(1/1), 17:31(1/1), 18:30(1/0), 15:30(1/0), 17:30(1/0), 15:35(1/0), 17:35(1/0), 18:34(1/0), 17:33(2/0), 18:32(2/0), 15:34(2/0), 18:31(2/0), 16:35(2/0), 14:29(2/2), 14:30(2/2), 16:29(2/2), 19:34(2/2), 17:36(2/2), 18:35(2/2), 18:36(2/2), 15:36(2/2), 16:36(2/1), 18:37(2/1), 19:36(2/1), 17:37(2/1), 19:35(2/1), 16:37(2/0), 14:35(2/0), 18:33(2/0), 14:36(2/0), 18:38(2/0), 20:34(2/0), 15:37(2/0), 14:37(2/0), 19:37(2/0), 20:36(2/0)
7, 2, UNIT_WARRIOR, 34, 19:37(1/2), 18:37(1/1), 19:36(1/1), 20:36(1/1), 20:37(1/1), 20:38(1/1), 17:37(1/0), 18:38(1/0), 19:39(1/0), 18:36(1/0), 19:35(1/0), 18:35(1/0), 21:38(1/0), 17:39(2/1), 17:36(2/1), 20:35(2/0), 21:39(2/1), 18:34(2/1), 19:34(2/1), 17:35(2/1), 20:40(2/1), 16:37(2/0), 17:38(2/0), 18:39(2/0), 18:40(2/0), 16:39(2/0), 17:40(2/0), 19:40(2/0), 20:34(2/0), 22:39(2/0), 22:40(2/0), 21:40(2/0), 17:34(2/0), 19:41(2/0)
7, 2, UNIT_SCOUT, 47, 20:37(1/3), 20:38(1/2), 19:37(1/2), 20:36(1/2), 21:38(1/2), 21:39(1/1), 19:35(1/1), 19:39(1/1), 19:36(1/1), 18:37(1/1), 18:38(1/0), 17:37(1/0), 20:35(1/0), 22:39(1/0), 18:36(1/0), 22:40(1/0), 21:40(1/0), 19:34(1/0), 18:35(1/0), 20:40(1/0), 18:39(2/0), 17:36(2/2), 17:39(2/2), 20:34(2/0), 19:41(2/2), 18:34(2/2), 17:35(2/2), 22:41(2/2), 17:38(2/1), 16:37(2/1), 19:40(2/0), 17:40(2/1), 16:39(2/1), 18:40(2/1), 21:34(2/1), 21:41(2/1), 17:34(2/1), 18:41(2/1), 16:35(2/0), 16:36(2/0), 16:38(2/0), 20:41(2/0), 19:33(2/0), 18:33(2/0), 17:41(2/0), 16:33(2/0), 16:34(2/0)
7, 3, UNIT_SCOUT, 40, 8:22(1/3), 8:21(1/2), 9:22(1/2), 8:23(1/2), 7:23(1/1), 7:22(1/1), 9:21(1/1), 9:24(1/0), 8:24(1/0), 7:21(1/0), 8:20(1/0), 9:23(1/0), 10:22(1/0), 6:21(1/0), 6:22(1/0), 8:25(2/2), 10:24(2/2), 9:25(2/2), 9:20(2/0), 7:24(2/0), 7:20(2/2), 11:22(2/2), 10:23(2/2), 10:21(2/0), 8:26(2/1), 9:26(2/1), 11:21(2/1), 12:22(2/1), 11:23(2/1), 10:20(2/0), 6:20(2/0), 10:25(2/0), 11:24(2/0), 10:26(2/0), 8:19(2/0), 7:19(2/0), 9:27(2/0), 12:21(2/0), 12:20(2/0), 11:20(2/0)
7, 3, UNIT_WARRIOR, 22, 8:21(1/2), 9:21(1/1), 9:22(1/1), 9:20(1/0), 8:20(1/0), 7:21(1/0), 8:22(1/0), 8:23(1/0), 6:21(2/1), 9:23(2/0), 10:22(2/0), 10:21(2/0), 7:20(2/1), 9:24(2/0), 8:24(2/0), 10:20(2/0), 9:19(2/0), 8:19(2/0), 7:19(2/0), 7:22(2/0), 7:23(2/0), 6:22(2/0)
7, 3, UNIT_BUILDER, 21, 8:25(1/2), 8:26(1/1), 9:25(1/1), 9:26(1/1), 9:24(1/0), 8:24(1/0), 10:24(1/0), 9:27(1/0), 8:23(2/1), 10:23(2/1), 8:27(2/0), 10:26(2/0), 10:25(2/0), 10:27(2/1), 9:23(2/0), 7:23(2/0), 7:24(2/0), 11:24(2/0), 9:22(2/0), 11:23(2/0), 11:22(2/0)
7, 4, UNIT_SCOUT, 34, 17:15(1/3), 17:14(1/2), 18:14(1/2), 18:15(1/2), 16:15(1/1), 18:13(1/1), 17:13(1/1), 18:16(1/0), 17:16(1/0), 19:13(1/0), 16:13(1/0), 16:14(1/0), 19:14(1/0), 19:15(1/0), 18:12(1/0), 16:17(2/2), 17:17(2/2), 15:15(2/0), 19:12(2/0), 18:17(2/2), 16:16(2/2), 16:12(2/2), 15:13(2/1), 15:16(2/1), 19:17(2/1), 17:18(2/1), 16:11(2/1), 18:11(2/1), 19:16(2/0), 15:17(2/0), 16:18(2/0), 18:18(2/0), 15:11(2/0), 15:12(2/0)
7, 4, UNIT_WARRIOR, 12, 10:14(1/2), 9:15(1/1), 11:14(1/0), 10:16(1/0), 9:16(2/0), 11:16(2/1), 11:15(2/0), 12:14(2/0), 11:13(2/0), 10:17(2/0), 9:17(2/0), 12:16(2/0)
7, 5, UNIT_SCOUT, 27, 48:25(1/3), 48:26(1/1), 49:25(1/1), 49:26(1/1), 49:24(1/0), 48:24(1/0), 47:25(1/0), 49:27(1/0), 47:27(1/0), 46:25(2/2), 48:27(2/0), 50:26(2/0), 50:24(2/0), 47:24(2/2), 50:28(2/2), 49:28(2/2), 50:25(2/0), 50:27(2/1), 46:24(2/1), 48:29(2/1), 49:29(2/1), 51:28(2/1), 50:29(2/1), 48:28(2/0), 45:25(2/0), 46:26(2/0), 50:30(2/0)
7, 5, UNIT_WARRIOR, 21, 50:29(1/2), 50:30(1/1), 49:29(1/1), 50:28(1/1), 51:28(1/1), 48:29(1/0), 49:28(1/0), 51:29(1/0), 49:27(1/0), 49:31(1/0), 50:27(2/0), 52:28(2/0), 49:30(2/0), 51:27(2/0), 48:28(2/0), 48:30(2/0), 48:27(2/0), 50:26(2/0), 49:26(2/0), 50:32(2/0), 48:31(2/0)
7, 5, UNIT_SLINGER, 21, 49:28(1/2), 48:29(1/1), 49:27(1/1), 50:28(1/1), 49:29(1/1), 48:28(1/0), 48:27(1/0), 50:30(1/0), 51:28(1/0), 50:29(1/0), 47:27(2/1), 48:30(2/0), 50:27(2/0), 50:26(2/0), 49:26(2/0), 49:31(2/1), 49:30(2/0), 48:26(2/0), 51:29(2/0), 52:28(2/0), 51:27(2/0)
7, 6, UNIT_SLINGER, 22, 41:18(1/2), 40:18(1/1), 40:17(1/1), 41:17(1/1), 42:18(1/1), 41:19(1/1), 40:16(1/0), 41:20(1/0), 39:17(1/0), 41:16(1/0), 42:17(1/0), 40:15(2/1), 39:15(2/1), 39:16(2/1), 42:20(2/0), 41:15(2/1), 40:14(2/0), 39:14(2/0), 43:17(2/0), 43:16(2/0), 42:15(2/0), 43:20(2/0)
7, 6, UNIT_WARRIOR, 20, 39:17(1/2), 39:16(1/1), 40:16(1/1), 40:17(1/1), 40:18(1/1), 40:15(1/0), 39:15(1/0), 41:17(1/0), 41:18(1/0), 41:16(1/0), 38:15(2/0), 39:14(2/1), 40:14(2/1), 41:15(2/1), 41:19(2/1), 42:17(2/1), 42:18(2/1), 38:16(2/0), 41:14(2/0), 41:20(2/0)
7, 6, UNIT_WARRIOR, 25, 40:17(1/2), 40:18(1/1), 39:17(1/1), 40:16(1/1), 41:16(1/1), 41:17(1/1), 41:18(1/1), 39:16(1/0), 40:15(1/0), 39:15(1/0), 41:15(1/0), 42:18(1/0), 42:17(1/0), 41:19(1/0), 39:14(2/1), 40:14(2/1), 41:20(2/1), 38:15(2/0), 38:16(2/0), 41:14(2/0), 43:16(2/0), 42:15(2/0), 42:14(2/0), 43:17(2/0), 42:20(2/0)
7, 7, UNIT_WARRIOR, 14, 31:28(1/2), 30:28(1/1), 30:27(1/1), 31:29(1/1), 32:28(1/0), 29:27(1/0), 29:28(1/0), 30:26(1/0), 32:29(2/0), 30:25(2/0), 33:28(2/0), 29:25(2/0), 29:26(2/0), 32:30(2/0)
7, 7, UNIT_WARRIOR, 10, 30:21(1/2), 30:22(1/0), 29:21(1/0), 30:20(1/0), 31:22(1/0), 30:23(2/0), 29:22(2/0), 29:23(2/0), 29:20(2/0), 30:19(2/0)
7, 8, UNIT_WARRIOR, 17, 47:26(1/2), 46:25(1/1), 48:24(1/0), 47:24(1/0), 48:26(1/0), 47:27(1/0), 46:26(1/0), 46:24(1/0), 47:23(2/1), 45:25(2/0), 48:25(2/1), 45:26(2/0), 49:24(2/0), 48:27(2/0), 49:26(2/0), 48:28(2/0), 47:28(2/0)
7, 8, UNIT_WARRIOR, 7, 47:28(1/2), 47:27(1/1), 48:28(1/0), 48:27(2/0), 48:26(2/0), 49:28(2/1), 47:26(2/0)
7, 9, UNIT_WARRIOR, 22, 14:27(1/2), 14:28(1/1), 14:26(1/1), 15:26(1/1), 15:27(1/1), 15:28(1/0), 16:28(1/0), 13:27(1/0), 14:25(1/0), 14:29(1/0), 16:29(2/1), 13:29(2/0), 13:25(2/0), 15:25(2/0), 14:30(2/1), 16:26(2/0), 13:26(2/0), 12:27(2/0), 13:28(2/0), 15:30(2/0), 13:30(2/0), 13:31(2/0)
7, 9, UNIT_WARRIOR, 19, 14:26(1/2), 13:27(1/1), 14:25(1/1), 15:26(1/1), 14:27(1/1), 15:27(1/0), 13:25(1/0), 13:26(1/0), 14:28(1/0), 15:28(2/0), 16:28(2/1), 12:27(2/0), 13:28(2/0), 15:25(2/0), 14:29(2/1), 16:26(2/0), 16:29(2/0), 13:29(2/0), 14:30(2/0)
7, 10, UNIT_WARRIOR, 11, 70:13(1/2), 71:13(1/1), 72:14(1/0), 69:13(1/0), 70:14(1/0), 72:15(2/1), 69:15(2/1), 69:14(2/1), 68:13(2/0), 69:16(2/0), 70:16(2/0)
7, 10, UNIT_WARRIOR, 8, 72:15(1/2), 72:14(1/1), 73:15(1/0), 72:16(1/0), 71:13(1/0), 70:13(2/1), 72:17(2/0), 71:17(2/0)
7, 11, UNIT_WARRIOR, 26, 10:31(1/2), 10:32(1/1), 9:31(1/1), 10:30(1/1), 11:31(1/0), 11:32(1/0), 11:30(1/0), 10:29(1/0), 8:31(1/0), 9:33(1/0), 9:32(1/0), 11:33(2/1), 12:30(2/1), 12:31(2/1), 12:32(2/1), 11:29(2/1), 9:30(2/0), 8:30(2/1), 10:33(2/0), 12:33(2/0), 13:32(2/0), 11:34(2/0), 11:28(2/0), 8:33(2/0), 12:28(2/0), 7:30(2/0)
7, 11, UNIT_WARRIOR, 19, 11:34(1/2), 11:33(1/1), 12:32(1/0), 12:34(1/0), 11:35(1/0), 10:33(1/0), 11:32(2/0), 12:33(2/1), 13:32(2/1), 12:31(2/1), 9:33(2/1), 10:32(2/1), 11:31(2/0), 12:35(2/0), 13:31(2/0), 12:30(2/0), 9:32(2/0), 10:31(2/0), 9:31(2/0)
7, 12, UNIT_WARRIOR, 24, 11:20(1/2), 12:20(1/1), 11:21(1/1), 11:19(1/0), 10:19(1/0), 10:20(1/0), 10:21(1/0), 11:22(1/0), 12:22(1/0), 12:21(1/0), 9:20(2/1), 9:21(2/1), 10:23(2/1), 11:23(2/1), 11:18(2/0), 10:18(2/0), 9:19(2/0), 10:22(2/0), 12:19(2/0), 12:18(2/0), 12:23(2/0), 13:22(2/0), 13:21(2/0), 13:20(2/0)
7, 12, UNIT_WARRIOR, 16, 13:15(1/2), 13:16(1/1), 12:15(1/0), 14:14(1/0), 14:16(1/0), 13:17(2/0), 15:16(2/1), 12:17(2/0), 12:16(2/1), 14:17(2/0), 12:14(2/0), 11:15(2/0), 14:13(2/0), 13:13(2/0), 16:16(2/0), 11:16(2/0)
7, 13, UNIT_WARRIOR, 29, 43:18(1/2), 42:19(1/1), 42:17(1/1), 43:19(1/1), 44:18(1/0), 44:20(1/0), 43:17(1/0), 41:19(1/0), 41:17(1/0), 41:18(1/0), 43:20(2/0), 44:19(2/0), 42:20(2/0), 43:16(2/0), 40:18(2/1), 40:17(2/1), 41:16(2/1), 41:20(2/1), 41:15(2/1), 45:18(2/0), 44:17(2/0), 44:16(2/0), 44:21(2/0), 45:20(2/0), 43:21(2/0), 42:15(2/0), 39:17(2/0), 40:16(2/0), 40:15(2/0)
7, 13, UNIT_WARRIOR, 26, 42:19(1/2), 41:19(1/1), 43:19(1/1), 43:20(1/0), 43:18(1/0), 44:20(1/0), 42:20(1/0), 41:18(1/0), 41:20(1/0), 42:17(1/0), 41:17(1/0), 44:19(2/0), 44:18(2/0), 41:16(2/1), 40:18(2/1), 40:17(2/1), 43:21(2/0), 42:21(2/0), 43:17(2/0), 44:21(2/0), 45:20(2/0), 43:16(2/0), 41:15(2/0), 40:15(2/0), 40:16(2/0), 39:17(2/0)
7, 14, UNIT_WARRIOR, 12, 65:22(1/2), 65:21(1/0), 66:22(1/0), 65:23(1/0), 66:23(2/1), 66:21(2/1), 66:20(2/0), 67:22(2/0), 65:20(2/0), 67:23(2/0), 66:24(2/0), 65:24(2/0)
7, 14, UNIT_WARRIOR, 21, 68:22(1/2), 67:23(1/1), 69:22(1/1), 67:22(1/0), 68:21(1/0), 70:22(1/0), 69:23(1/0), 66:23(1/0), 66:21(2/1), 69:21(2/0), 70:24(2/1), 70:23(2/1), 67:24(2/0), 66:22(2/0), 69:20(2/0), 68:20(2/0), 71:22(2/0), 70:21(2/0), 69:24(2/0), 65:23(2/0), 66:24(2/0)
7, 63, UNIT_SPEARMAN, 31, 51:14(1/2), 50:15(1/1), 50:14(1/1), 50:13(1/1), 52:14(1/1), 51:15(1/0), 51:13(1/0), 52:13(1/0), 50:12(1/0), 51:12(1/0), 49:14(1/0), 49:13(1/0), 52:12(2/1), 49:15(2/0), 52:16(2/1), 52:15(2/1), 51:16(2/1), 53:13(2/1), 53:12(2/1), 48:14(2/1), 48:13(2/1), 51:11(2/1), 49:12(2/1), 49:11(2/1), 50:16(2/0), 53:14(2/0), 50:11(2/0), 48:15(2/0), 53:15(2/0), 53:11(2/0), 54:13(2/0)
7, 63, UNIT_SCOUT, 34, 50:16(1/3), 51:16(1/2), 50:17(1/1), 51:15(1/1), 52:16(1/1), 50:15(1/0), 49:15(1/0), 49:16(1/0), 49:17(1/0), 52:15(1/0), 50:18(2/0), 49:14(2/2), 50:14(2/2), 51:17(2/0), 53:16(2/0), 52:17(2/0), 53:14(2/2), 53:15(2/2), 51:18(2/0), 51:14(2/1), 48:16(2/1), 50:13(2/1), 49:13(2/1), 52:14(2/0), 48:14(2/1), 48:13(2/1), 54:14(2/1), 49:18(2/0), 48:15(2/0), 48:17(2/0), 49:12(2/0), 51:12(2/0), 50:12(2/0), 54:15(2/0)
7, 63, UNIT_SPEARMAN, 21, 10:17(1/2), 10:16(1/1), 11:16(1/1), 11:17(1/0), 11:18(1/0), 9:17(1/0), 10:18(1/0), 12:16(1/0), 9:15(1/0), 9:16(2/0), 11:15(2/0), 12:15(2/1), 12:17(2/0), 9:18(2/0), 12:18(2/0), 11:19(2/0), 10:19(2/0), 8:17(2/0), 9:19(2/0), 13:16(2/0), 10:14(2/0)
7, 63, UNIT_SCOUT, 32, 13:25(1/3), 14:24(1/2), 14:25(1/2), 13:26(1/1), 12:25(1/1), 13:23(1/1), 14:23(1/1), 15:24(1/1), 14:26(1/0), 13:24(1/0), 12:26(1/0), 15:22(1/0), 14:22(1/0), 12:24(2/0), 11:25(2/0), 13:22(2/0), 15:23(2/0), 15:25(2/0), 16:24(2/0), 16:22(2/2), 15:21(2/2), 14:21(2/2), 12:23(2/0), 12:27(2/1), 11:26(2/1), 11:27(2/1), 13:21(2/1), 16:23(2/1), 12:28(2/0), 13:27(2/0), 17:22(2/0), 12:21(2/0)
7, 63, UNIT_SPEARMAN, 16, 43:4(1/2), 42:4(1/1), 42:3(1/1), 43:3(1/1), 42:5(1/0), 41:3(1/0), 41:5(1/0), 42:2(1/0), 41:4(2/0), 43:2(2/0), 44:3(2/0), 40:5(2/1), 41:2(2/1), 42:6(2/0), 41:6(2/0), 40:4(2/0)
7, 63, UNIT_SCOUT, 23, 41:7(1/3), 41:8(1/2), 42:8(1/1), 40:9(1/1), 42:7(1/0), 42:6(1/0), 41:6(1/0), 41:9(1/0), 43:8(2/0), 40:5(2/2), 40:10(2/0), 41:5(2/2), 42:9(2/0), 41:10(2/0), 42:5(2/1), 40:6(2/1), 43:7(2/1), 42:4(2/1), 40:4(2/1), 42:10(2/1), 41:4(2/0), 42:3(2/0), 41:3(2/0)
7, 63, UNIT_SPEARMAN, 22, 19:15(1/2), 18:15(1/1), 20:14(1/1), 20:15(1/0), 19:14(1/0), 19:16(1/0), 19:13(1/0), 21:14(1/0), 18:14(1/0), 17:15(2/0), 20:13(2/0), 21:15(2/1), 21:13(2/1), 22:14(2/1), 18:16(2/0), 18:13(2/0), 19:17(2/0), 18:17(2/0), 22:16(2/0), 22:15(2/0), 22:13(2/0), 23:14(2/0)
7, 63, UNIT_SCOUT, 20, 25:16(1/3), 25:15(1/2), 26:16(1/1), 25:17(1/1), 24:16(1/1), 24:17(1/1), 23:15(1/0), 26:15(2/0), 23:16(2/0), 23:17(2/0), 22:15(2/2), 23:14(2/2), 26:17(2/0), 22:14(2/1), 21:15(2/1), 22:16(2/1), 23:13(2/1), 22:13(2/1), 21:13(2/0), 21:14(2/0)
7, 63, UNIT_SPEARMAN, 3, 38:43(1/2), 38:42(1/1), 37:42(2/0)
7, 63, UNIT_GALLEY, 21, 29:39(1/3), 29:40(1/2), 28:39(1/2), 30:39(1/2), 31:39(1/1), 31:40(1/1), 29:41(1/1), 28:38(1/1), 27:38(1/0), 27:37(1/0), 32:40(1/0), 32:39(1/0), 28:37(1/0), 32:41(2/2), 33:40(2/2), 33:39(2/2), 33:38(2/2), 29:36(2/2), 28:36(2/2), 33:41(2/1), 34:42(2/0)
7, 63, UNIT_SPEARMAN, 8, 23:42(1/2), 22:41(1/1), 24:42(1/1), 25:42(1/0), 22:40(1/0), 25:43(2/1), 26:42(2/0), 26:43(2/0)
7, 63, UNIT_GALLEY, 12, 16:40(1/3), 15:39(1/2), 16:41(1/2), 17:42(1/1), 14:39(1/1), 14:38(1/0), 18:42(1/0), 14:40(1/0), 19:42(2/2), 13:40(2/2), 20:42(2/1), 21:42(2/0)
7, 63, UNIT_SPEARMAN, 11, 66:28(1/2), 66:27(1/1), 66:26(1/0), 67:26(1/0), 67:27(1/0), 68:27(2/1), 67:25(2/1), 66:25(2/1), 65:25(2/0), 65:26(2/0), 68:26(2/0)
7, 63, UNIT_GALLEY, 21, 69:31(1/3), 68:31(1/2), 69:30(1/2), 70:30(1/2), 69:29(1/1), 68:29(1/1), 67:29(1/0), 68:28(1/0), 70:28(1/0), 69:28(1/0), 67:28(2/2), 66:29(2/2), 67:30(2/2), 70:27(2/2), 69:27(2/2), 65:29(2/1), 70:26(2/1), 71:27(2/1), 71:26(2/1), 65:28(2/0), 64:29(2/0)
7, 63, UNIT_SPEARMAN, 23, 49:36(1/2), 48:37(1/1), 48:35(1/1), 49:35(1/1), 50:36(1/1), 49:37(1/0), 48:36(1/0), 50:34(1/0), 50:35(1/0), 49:38(1/0), 47:37(1/0), 48:34(1/0), 47:36(2/1), 48:38(2/0), 49:34(2/0), 50:37(2/0), 46:37(2/1), 51:34(2/1), 50:33(2/1), 47:35(2/0), 51:35(2/0), 47:34(2/0), 47:38(2/0)
7, 63, UNIT_SCOUT, 25, 48:38(1/3), 47:37(1/2), 48:37(1/2), 49:38(1/2), 47:38(1/1), 49:36(1/1), 46:37(1/1), 47:36(1/1), 48:36(1/0), 49:37(1/0), 50:36(1/0), 49:35(1/0), 48:35(1/0), 46:35(2/0), 46:36(2/0), 48:34(2/2), 50:35(2/2), 50:34(2/2), 47:35(2/0), 50:37(2/1), 49:34(2/1), 50:33(2/1), 51:34(2/1), 47:34(2/0), 51:35(2/0)
7, 63, UNIT_SPEARMAN, 24, 6:32(1/2), 5:33(1/1), 5:32(1/1), 6:31(1/1), 6:33(1/1), 5:31(1/0), 7:34(1/0), 6:34(1/0), 4:33(1/0), 5:34(1/0), 4:31(1/0), 4:32(1/0), 7:30(1/0), 6:30(2/0), 8:34(2/1), 6:35(2/1), 5:35(2/1), 8:30(2/1), 3:32(2/1), 3:31(2/1), 3:33(2/1), 4:34(2/1), 4:35(2/0), 7:29(2/0)
7, 63, UNIT_SCOUT, 25, 6:33(1/3), 6:34(1/2), 5:33(1/2), 7:34(1/2), 6:32(1/1), 6:35(1/1), 5:34(1/1), 5:35(1/1), 5:32(1/1), 4:33(1/1), 8:34(1/1), 6:31(1/0), 4:34(1/0), 3:33(1/0), 4:31(1/0), 4:32(1/0), 5:31(2/0), 4:35(2/0), 8:33(2/0), 7:30(2/2), 3:32(2/2), 3:31(2/2), 6:30(2/1), 8:30(2/1), 7:29(2/0)
7, 63, UNIT_GALLEY, 20, 39:44(1/3), 38:45(1/2), 38:44(1/2), 39:43(1/2), 40:44(1/2), 39:45(1/2), 37:43(1/1), 39:42(1/1), 41:44(1/1), 36:43(1/0), 39:41(1/0), 38:41(1/0), 37:41(2/2), 35:43(2/2), 40:40(2/2), 39:40(2/2), 38:40(2/2), 34:43(2/1), 37:40(2/1), 34:42(2/0)
7, 63, UNIT_SPEARMAN, 8, 33:25(1/2), 33:24(1/1), 34:26(1/0), 32:25(1/0), 33:26(1/0), 32:24(2/0), 34:27(2/0), 33:27(2/0)
7, 63, UNIT_SCOUT, 14, 34:26(1/3), 33:26(1/1), 33:25(1/1), 34:27(1/1), 33:27(1/0), 35:28(1/0), 33:24(1/0), 32:25(2/0), 34:28(2/0), 33:28(2/1), 32:24(2/1), 35:29(2/1), 34:29(2/1), 31:24(2/0)
7, 63, UNIT_WARRIOR, 21, 11:18(1/2), 10:19(1/0), 10:18(1/0), 10:17(1/0), 11:17(1/0), 12:18(1/0), 11:19(1/0), 12:16(2/1), 10:16(2/1), 11:16(2/1), 9:18(2/0), 12:17(2/0), 11:20(2/0), 9:19(2/0), 10:20(2/0), 9:17(2/0), 12:19(2/0), 13:18(2/0), 12:20(2/0), 12:15(2/0), 9:15(2/0)
7, 63, UNIT_WARRIOR, 17, 42:4(1/2), 41:5(1/1), 41:3(1/1), 42:3(1/1), 43:4(1/0), 42:5(1/0), 41:4(1/0), 43:3(1/0), 40:5(1/0), 42:2(1/0), 41:2(1/0), 42:6(2/0), 41:6(2/0), 43:2(2/0), 40:4(2/1), 44:3(2/0), 40:6(2/0)
7, 63, UNIT_SLINGER, 26, 18:15(1/2), 18:14(1/1), 19:15(1/1), 19:16(1/0), 19:14(1/0), 17:15(1/0), 18:16(1/0), 20:14(1/0), 18:13(1/0), 17:17(2/1), 17:14(2/1), 20:15(2/0), 18:17(2/1), 17:16(2/1), 19:13(2/1), 21:14(2/1), 16:15(2/0), 19:17(2/0), 16:17(2/0), 17:18(2/0), 16:16(2/0), 20:13(2/0), 17:13(2/0), 21:15(2/0), 22:14(2/0), 21:13(2/0)
7, 63, UNIT_QUADRIREME, 10, 23:43(1/3), 22:43(1/2), 24:43(1/2), 25:44(1/1), 22:42(1/1), 26:44(1/0), 21:42(1/0), 20:42(2/2), 19:42(2/1), 18:42(2/0)
8, 0, UNIT_BUILDER, 24, 53:17(1/2), 54:18(1/0), 54:17(1/0), 54:16(1/0), 53:16(1/0), 52:17(1/0), 54:19(2/1), 52:16(2/1), 52:15(2/1), 53:15(2/1), 55:18(2/0), 53:19(2/0), 55:20(2/0), 55:19(2/0), 54:20(2/0), 54:15(2/0), 55:17(2/0), 55:16(2/0), 51:17(2/0), 52:18(2/0), 51:15(2/0), 51:16(2/0), 53:14(2/0), 54:14(2/0)
8, 0, UNIT_WARRIOR, 20, 53:17(1/2), 54:18(1/0), 54:17(1/0), 54:16(1/0), 53:16(1/0), 52:17(1/0), 54:19(2/1), 52:16(2/1), 52:15(2/1), 53:15(2/1), 55:18(2/0), 53:19(2/0), 54:20(2/0), 54:15(2/0), 51:17(2/0), 52:18(2/0), 51:15(2/0), 51:16(2/0), 53:14(2/0), 54:14(2/0)
